DEPTH = 16384;
WIDTH = 8;
ADDRESS_RADIX = UNS;
DATA_RADIX = HEX;
CONTENT
BEGIN
0 : 00;
1 : 00;
2 : 00;
3 : 00;
4 : 00;
5 : 00;
6 : 00;
7 : 00;
8 : 5B;
9 : 5B;
10 : 5B;
11 : 5B;
12 : 5B;
13 : 5B;
14 : 5B;
15 : 5B;
16 : 5B;
17 : 5B;
18 : 5B;
19 : 5B;
20 : 5B;
21 : 5B;
22 : 5B;
23 : 5B;
24 : 5B;
25 : 5B;
26 : 5B;
27 : 5B;
28 : 5B;
29 : 5B;
30 : 5B;
31 : 5B;
32 : 5B;
33 : 5B;
34 : 5B;
35 : 5B;
36 : 5B;
37 : 5B;
38 : 5B;
39 : FC;
40 : FC;
41 : FC;
42 : FC;
43 : FC;
44 : FC;
45 : FC;
46 : FC;
47 : FC;
48 : FC;
49 : FC;
50 : FC;
51 : FC;
52 : FC;
53 : 5B;
54 : 5B;
55 : 5B;
56 : 5B;
57 : 5B;
58 : 5B;
59 : 5B;
60 : 5B;
61 : 5B;
62 : 5B;
63 : 5B;
64 : 5B;
65 : 5B;
66 : FC;
67 : FC;
68 : FC;
69 : FC;
70 : FC;
71 : FC;
72 : FC;
73 : FC;
74 : FC;
75 : FC;
76 : FC;
77 : FC;
78 : FC;
79 : FC;
80 : FC;
81 : FC;
82 : 5B;
83 : 5B;
84 : 5B;
85 : 5B;
86 : 5B;
87 : 5B;
88 : 5B;
89 : 5B;
90 : 5B;
91 : 5B;
92 : 5B;
93 : 5B;
94 : FC;
95 : FC;
96 : FC;
97 : FC;
98 : FC;
99 : FC;
100 : FC;
101 : FC;
102 : FC;
103 : FC;
104 : FC;
105 : FC;
106 : FC;
107 : FC;
108 : FC;
109 : FC;
110 : 5B;
111 : 5B;
112 : 5B;
113 : 5B;
114 : 5B;
115 : 5B;
116 : 5B;
117 : 5B;
118 : 5B;
119 : 5B;
120 : 5B;
121 : 5B;
122 : 5B;
123 : 5B;
124 : 5B;
125 : 5B;
126 : 5B;
127 : 5B;
128 : 5B;
129 : 5B;
130 : 5B;
131 : 5B;
132 : 5B;
133 : 5B;
134 : 5B;
135 : 5B;
136 : 5B;
137 : 5B;
138 : 5B;
139 : 5B;
140 : 5B;
141 : 5B;
142 : 5B;
143 : 5B;
144 : 00;
145 : 00;
146 : 00;
147 : 00;
148 : 00;
149 : 00;
150 : 00;
151 : 00;
152 : 5B;
153 : 5B;
154 : 5B;
155 : 5B;
156 : 5B;
157 : 5B;
158 : 5B;
159 : 5B;
160 : 5B;
161 : 5B;
162 : 5B;
163 : 5B;
164 : 5B;
165 : 5B;
166 : 5B;
167 : 5B;
168 : 5B;
169 : 5B;
170 : 5B;
171 : 5B;
172 : 5B;
173 : 5B;
174 : 5B;
175 : 5B;
176 : 5B;
177 : 5B;
178 : 5B;
179 : 5B;
180 : 5B;
181 : 5B;
182 : FC;
183 : FC;
184 : FC;
185 : FC;
186 : FC;
187 : FC;
188 : FC;
189 : FC;
190 : FC;
191 : FC;
192 : FC;
193 : FC;
194 : FC;
195 : FC;
196 : FC;
197 : FC;
198 : 5B;
199 : 5B;
200 : 5B;
201 : 5B;
202 : 5B;
203 : 5B;
204 : 5B;
205 : 5B;
206 : 5B;
207 : 5B;
208 : 5B;
209 : 5B;
210 : FC;
211 : FC;
212 : FC;
213 : FC;
214 : FC;
215 : FC;
216 : FC;
217 : FC;
218 : FC;
219 : FC;
220 : FC;
221 : FC;
222 : FC;
223 : FC;
224 : FC;
225 : FC;
226 : 5B;
227 : 5B;
228 : 5B;
229 : 5B;
230 : 5B;
231 : 5B;
232 : 5B;
233 : 5B;
234 : 5B;
235 : 5B;
236 : 5B;
237 : 5B;
238 : 5B;
239 : FC;
240 : FC;
241 : FC;
242 : FC;
243 : FC;
244 : FC;
245 : FC;
246 : FC;
247 : FC;
248 : FC;
249 : FC;
250 : FC;
251 : FC;
252 : FC;
253 : 5B;
254 : 5B;
255 : 5B;
256 : 5B;
257 : 5B;
258 : 5B;
259 : 5B;
260 : 5B;
261 : 5B;
262 : 5B;
263 : 5B;
264 : 5B;
265 : 5B;
266 : 5B;
267 : 5B;
268 : 5B;
269 : 5B;
270 : 5B;
271 : 5B;
272 : 5B;
273 : 5B;
274 : 5B;
275 : 5B;
276 : 5B;
277 : 5B;
278 : 5B;
279 : 5B;
280 : 5B;
281 : 5B;
282 : 5B;
283 : 5B;
284 : 5B;
285 : 5B;
286 : 5B;
287 : 5B;
288 : 00;
289 : 00;
290 : 00;
291 : 00;
292 : 00;
293 : 00;
294 : 00;
295 : 00;
296 : 5B;
297 : 5B;
298 : 5B;
299 : 5B;
300 : 5B;
301 : 5B;
302 : 5B;
303 : 5B;
304 : 5B;
305 : 5B;
306 : 5B;
307 : 5B;
308 : 5B;
309 : 5B;
310 : 5B;
311 : 5B;
312 : 5B;
313 : 5B;
314 : 5B;
315 : 5B;
316 : 5B;
317 : 5B;
318 : 5B;
319 : 5B;
320 : 5B;
321 : 5B;
322 : 5B;
323 : 5B;
324 : 5B;
325 : FC;
326 : FC;
327 : FC;
328 : FC;
329 : FC;
330 : FC;
331 : FC;
332 : FC;
333 : FC;
334 : FC;
335 : FC;
336 : FC;
337 : FC;
338 : FC;
339 : FC;
340 : FC;
341 : FC;
342 : FC;
343 : 5B;
344 : 5B;
345 : 5B;
346 : 5B;
347 : 5B;
348 : 5B;
349 : 5B;
350 : 5B;
351 : 5B;
352 : 5B;
353 : 5B;
354 : FC;
355 : FC;
356 : FC;
357 : FC;
358 : FC;
359 : FC;
360 : FC;
361 : FC;
362 : FC;
363 : FC;
364 : FC;
365 : FC;
366 : FC;
367 : FC;
368 : FC;
369 : FC;
370 : 5B;
371 : 5B;
372 : 5B;
373 : 5B;
374 : 5B;
375 : 5B;
376 : 5B;
377 : 5B;
378 : 5B;
379 : 5B;
380 : 5B;
381 : 5B;
382 : 5B;
383 : 5B;
384 : FC;
385 : FC;
386 : FC;
387 : FC;
388 : FC;
389 : FC;
390 : FC;
391 : FC;
392 : FC;
393 : FC;
394 : FC;
395 : FC;
396 : 5B;
397 : 5B;
398 : 5B;
399 : 5B;
400 : 5B;
401 : 5B;
402 : 5B;
403 : 5B;
404 : 5B;
405 : 5B;
406 : 5B;
407 : 5B;
408 : 5B;
409 : 5B;
410 : 5B;
411 : 5B;
412 : 5B;
413 : 5B;
414 : 5B;
415 : 5B;
416 : 5B;
417 : 5B;
418 : 5B;
419 : 5B;
420 : 5B;
421 : 5B;
422 : 5B;
423 : 5B;
424 : 5B;
425 : 5B;
426 : 5B;
427 : 5B;
428 : 5B;
429 : 5B;
430 : 5B;
431 : 5B;
432 : 00;
433 : 00;
434 : 00;
435 : 00;
436 : 00;
437 : 00;
438 : 00;
439 : 00;
440 : 5B;
441 : 5B;
442 : 5B;
443 : 5B;
444 : 5B;
445 : 5B;
446 : 5B;
447 : 5B;
448 : 5B;
449 : 5B;
450 : 5B;
451 : 5B;
452 : 5B;
453 : 5B;
454 : 5B;
455 : 5B;
456 : 5B;
457 : 5B;
458 : 5B;
459 : 5B;
460 : 5B;
461 : 5B;
462 : 5B;
463 : 5B;
464 : 5B;
465 : 5B;
466 : 5B;
467 : 5B;
468 : FC;
469 : FC;
470 : FC;
471 : FC;
472 : FC;
473 : FC;
474 : FC;
475 : FC;
476 : FC;
477 : FC;
478 : FC;
479 : FC;
480 : FC;
481 : FC;
482 : FC;
483 : FC;
484 : FC;
485 : FC;
486 : FC;
487 : FC;
488 : 5B;
489 : 5B;
490 : 5B;
491 : 5B;
492 : 5B;
493 : 5B;
494 : 5B;
495 : 5B;
496 : 5B;
497 : 5B;
498 : FC;
499 : FC;
500 : FC;
501 : FC;
502 : FC;
503 : FC;
504 : FC;
505 : FC;
506 : FC;
507 : FC;
508 : FC;
509 : FC;
510 : FC;
511 : FC;
512 : FC;
513 : FC;
514 : 5B;
515 : 5B;
516 : 5B;
517 : 5B;
518 : 5B;
519 : 5B;
520 : 5B;
521 : 5B;
522 : 5B;
523 : 5B;
524 : 5B;
525 : 5B;
526 : 5B;
527 : 5B;
528 : 5B;
529 : 5B;
530 : 5B;
531 : FC;
532 : FC;
533 : FC;
534 : FC;
535 : FC;
536 : FC;
537 : 5B;
538 : 5B;
539 : 5B;
540 : 5B;
541 : 5B;
542 : 5B;
543 : 5B;
544 : 5B;
545 : 5B;
546 : 5B;
547 : 5B;
548 : 5B;
549 : 5B;
550 : 5B;
551 : 5B;
552 : 5B;
553 : 5B;
554 : 5B;
555 : 5B;
556 : 5B;
557 : 5B;
558 : 5B;
559 : 5B;
560 : 5B;
561 : 5B;
562 : 5B;
563 : 5B;
564 : 5B;
565 : 5B;
566 : 5B;
567 : 5B;
568 : 5B;
569 : 5B;
570 : 5B;
571 : 5B;
572 : 5B;
573 : 5B;
574 : 5B;
575 : 5B;
576 : 00;
577 : 00;
578 : 00;
579 : 00;
580 : 00;
581 : 00;
582 : 00;
583 : 00;
584 : 5B;
585 : 5B;
586 : 5B;
587 : 5B;
588 : 5B;
589 : 5B;
590 : 5B;
591 : 5B;
592 : 5B;
593 : 5B;
594 : 5B;
595 : 5B;
596 : 5B;
597 : 5B;
598 : 5B;
599 : 5B;
600 : 5B;
601 : 5B;
602 : 5B;
603 : 5B;
604 : 5B;
605 : 5B;
606 : 5B;
607 : 5B;
608 : 5B;
609 : 5B;
610 : 5B;
611 : FC;
612 : FC;
613 : FC;
614 : FC;
615 : FC;
616 : FC;
617 : FC;
618 : FC;
619 : FC;
620 : FC;
621 : FC;
622 : FC;
623 : FC;
624 : FC;
625 : FC;
626 : FC;
627 : FC;
628 : FC;
629 : FC;
630 : FC;
631 : FC;
632 : FC;
633 : 5B;
634 : 5B;
635 : 5B;
636 : 5B;
637 : 5B;
638 : 5B;
639 : 5B;
640 : 5B;
641 : 5B;
642 : 5B;
643 : FC;
644 : FC;
645 : FC;
646 : FC;
647 : FC;
648 : FC;
649 : FC;
650 : FC;
651 : FC;
652 : FC;
653 : FC;
654 : FC;
655 : FC;
656 : FC;
657 : 5B;
658 : 5B;
659 : 5B;
660 : 5B;
661 : 5B;
662 : 5B;
663 : 5B;
664 : 5B;
665 : 5B;
666 : 5B;
667 : 5B;
668 : 5B;
669 : 5B;
670 : 5B;
671 : 5B;
672 : 5B;
673 : 5B;
674 : 5B;
675 : 5B;
676 : 5B;
677 : 5B;
678 : 5B;
679 : 5B;
680 : 5B;
681 : 5B;
682 : 5B;
683 : 5B;
684 : 5B;
685 : 5B;
686 : 5B;
687 : 5B;
688 : 5B;
689 : 5B;
690 : 5B;
691 : 5B;
692 : 5B;
693 : 5B;
694 : 5B;
695 : 5B;
696 : 5B;
697 : 5B;
698 : 5B;
699 : 5B;
700 : 5B;
701 : 5B;
702 : 5B;
703 : 5B;
704 : 5B;
705 : 5B;
706 : 5B;
707 : 5B;
708 : 5B;
709 : 5B;
710 : 5B;
711 : 5B;
712 : 5B;
713 : 5B;
714 : 5B;
715 : 5B;
716 : 5B;
717 : 5B;
718 : 5B;
719 : 5B;
720 : 00;
721 : 00;
722 : 00;
723 : 00;
724 : 00;
725 : 00;
726 : 00;
727 : 00;
728 : 5B;
729 : 5B;
730 : 5B;
731 : 5B;
732 : 5B;
733 : 5B;
734 : 5B;
735 : 5B;
736 : 5B;
737 : 5B;
738 : 5B;
739 : 5B;
740 : 5B;
741 : 5B;
742 : 5B;
743 : 5B;
744 : 5B;
745 : 5B;
746 : 5B;
747 : 5B;
748 : 5B;
749 : 5B;
750 : 5B;
751 : 5B;
752 : 5B;
753 : 5B;
754 : 5B;
755 : FC;
756 : FC;
757 : FC;
758 : FC;
759 : FC;
760 : FC;
761 : FC;
762 : FC;
763 : FC;
764 : FC;
765 : FC;
766 : FC;
767 : FC;
768 : FC;
769 : FC;
770 : FC;
771 : FC;
772 : FC;
773 : FC;
774 : FC;
775 : FC;
776 : FC;
777 : 5B;
778 : 5B;
779 : 5B;
780 : 5B;
781 : 5B;
782 : 5B;
783 : 5B;
784 : 5B;
785 : 5B;
786 : 5B;
787 : FC;
788 : FC;
789 : FC;
790 : FC;
791 : FC;
792 : FC;
793 : FC;
794 : FC;
795 : FC;
796 : FC;
797 : FC;
798 : FC;
799 : FC;
800 : FC;
801 : 5B;
802 : 5B;
803 : 5B;
804 : 5B;
805 : 5B;
806 : 5B;
807 : 5B;
808 : 5B;
809 : 5B;
810 : 5B;
811 : 5B;
812 : 5B;
813 : 5B;
814 : 5B;
815 : 5B;
816 : 5B;
817 : 5B;
818 : 5B;
819 : 5B;
820 : 5B;
821 : 5B;
822 : 5B;
823 : 5B;
824 : 5B;
825 : 5B;
826 : 5B;
827 : 5B;
828 : 5B;
829 : 5B;
830 : 5B;
831 : 5B;
832 : 5B;
833 : 5B;
834 : 5B;
835 : 5B;
836 : 5B;
837 : 5B;
838 : 5B;
839 : 5B;
840 : 5B;
841 : 5B;
842 : 5B;
843 : 5B;
844 : 5B;
845 : 5B;
846 : 5B;
847 : 5B;
848 : 5B;
849 : 5B;
850 : 5B;
851 : 5B;
852 : 5B;
853 : 5B;
854 : 5B;
855 : 5B;
856 : 5B;
857 : 5B;
858 : 5B;
859 : 5B;
860 : 5B;
861 : 5B;
862 : 5B;
863 : 5B;
864 : 00;
865 : 00;
866 : 00;
867 : 00;
868 : 00;
869 : 00;
870 : 00;
871 : 00;
872 : 5B;
873 : 5B;
874 : 5B;
875 : 5B;
876 : 5B;
877 : 5B;
878 : 5B;
879 : 5B;
880 : 5B;
881 : 5B;
882 : 5B;
883 : FC;
884 : FC;
885 : FC;
886 : FC;
887 : FC;
888 : FC;
889 : 5B;
890 : 5B;
891 : 5B;
892 : 5B;
893 : 5B;
894 : 5B;
895 : 5B;
896 : 5B;
897 : 5B;
898 : FC;
899 : FC;
900 : FC;
901 : FC;
902 : FC;
903 : FC;
904 : FC;
905 : FC;
906 : FC;
907 : FC;
908 : FC;
909 : FC;
910 : FC;
911 : FC;
912 : FC;
913 : FC;
914 : FC;
915 : FC;
916 : FC;
917 : FC;
918 : FC;
919 : FC;
920 : FC;
921 : FC;
922 : 5B;
923 : 5B;
924 : 5B;
925 : 5B;
926 : 5B;
927 : 5B;
928 : 5B;
929 : 5B;
930 : 5B;
931 : 5B;
932 : FC;
933 : FC;
934 : FC;
935 : FC;
936 : FC;
937 : FC;
938 : FC;
939 : FC;
940 : FC;
941 : FC;
942 : FC;
943 : FC;
944 : 5B;
945 : 5B;
946 : 5B;
947 : 5B;
948 : 5B;
949 : 5B;
950 : 5B;
951 : 5B;
952 : 5B;
953 : 5B;
954 : 5B;
955 : 5B;
956 : 5B;
957 : 5B;
958 : 5B;
959 : 5B;
960 : 5B;
961 : 5B;
962 : 5B;
963 : 5B;
964 : 5B;
965 : 5B;
966 : 5B;
967 : 5B;
968 : 5B;
969 : 5B;
970 : 5B;
971 : 5B;
972 : 5B;
973 : 5B;
974 : 5B;
975 : 5B;
976 : 5B;
977 : 5B;
978 : FF;
979 : FF;
980 : 5B;
981 : 5B;
982 : 5B;
983 : 5B;
984 : 5B;
985 : 5B;
986 : 5B;
987 : 5B;
988 : 5B;
989 : 5B;
990 : 5B;
991 : 5B;
992 : FF;
993 : FF;
994 : 5B;
995 : 5B;
996 : 5B;
997 : 5B;
998 : 5B;
999 : 5B;
1000 : 5B;
1001 : 5B;
1002 : 5B;
1003 : 5B;
1004 : 5B;
1005 : 5B;
1006 : 5B;
1007 : 5B;
1008 : 00;
1009 : 00;
1010 : 00;
1011 : 00;
1012 : 00;
1013 : 00;
1014 : 00;
1015 : 00;
1016 : 5B;
1017 : 5B;
1018 : 5B;
1019 : 5B;
1020 : 5B;
1021 : 5B;
1022 : 5B;
1023 : 5B;
1024 : FC;
1025 : FC;
1026 : FC;
1027 : FC;
1028 : FC;
1029 : FC;
1030 : FC;
1031 : FC;
1032 : FC;
1033 : FC;
1034 : FC;
1035 : FC;
1036 : 5B;
1037 : 5B;
1038 : 5B;
1039 : 5B;
1040 : 5B;
1041 : 5B;
1042 : FC;
1043 : FC;
1044 : FC;
1045 : FC;
1046 : FC;
1047 : FC;
1048 : FC;
1049 : FC;
1050 : FC;
1051 : FC;
1052 : FC;
1053 : FC;
1054 : FC;
1055 : FC;
1056 : FC;
1057 : FC;
1058 : FC;
1059 : FC;
1060 : FC;
1061 : FC;
1062 : FC;
1063 : FC;
1064 : FC;
1065 : FC;
1066 : 5B;
1067 : 5B;
1068 : 5B;
1069 : 5B;
1070 : 5B;
1071 : 5B;
1072 : 5B;
1073 : 5B;
1074 : 5B;
1075 : 5B;
1076 : 5B;
1077 : FC;
1078 : FC;
1079 : FC;
1080 : FC;
1081 : FC;
1082 : FC;
1083 : FC;
1084 : FC;
1085 : FC;
1086 : FC;
1087 : 5B;
1088 : 5B;
1089 : 5B;
1090 : 5B;
1091 : 5B;
1092 : 5B;
1093 : 5B;
1094 : 5B;
1095 : 5B;
1096 : 5B;
1097 : 5B;
1098 : 5B;
1099 : 5B;
1100 : 5B;
1101 : 5B;
1102 : 5B;
1103 : 5B;
1104 : 5B;
1105 : 5B;
1106 : 5B;
1107 : 5B;
1108 : 5B;
1109 : 5B;
1110 : 5B;
1111 : 5B;
1112 : 5B;
1113 : 5B;
1114 : 5B;
1115 : 5B;
1116 : 5B;
1117 : 5B;
1118 : 5B;
1119 : 5B;
1120 : FF;
1121 : FF;
1122 : FF;
1123 : FF;
1124 : FF;
1125 : 5B;
1126 : 5B;
1127 : 5B;
1128 : 5B;
1129 : 5B;
1130 : 5B;
1131 : 5B;
1132 : 5B;
1133 : 5B;
1134 : 5B;
1135 : FF;
1136 : FF;
1137 : FF;
1138 : FF;
1139 : 5B;
1140 : 5B;
1141 : 5B;
1142 : 5B;
1143 : 5B;
1144 : 5B;
1145 : 5B;
1146 : 5B;
1147 : 73;
1148 : 5B;
1149 : 5B;
1150 : 5B;
1151 : 5B;
1152 : 5B;
1153 : 5B;
1154 : 5B;
1155 : 5B;
1156 : 5B;
1157 : 5B;
1158 : 5B;
1159 : 5B;
1160 : 5B;
1161 : 5B;
1162 : 5B;
1163 : 5B;
1164 : 5B;
1165 : 5B;
1166 : 5B;
1167 : FF;
1168 : FF;
1169 : FF;
1170 : FF;
1171 : FF;
1172 : FF;
1173 : 5B;
1174 : 5B;
1175 : 5B;
1176 : 5B;
1177 : 5B;
1178 : 5B;
1179 : 5B;
1180 : 5B;
1181 : 5B;
1182 : 5B;
1183 : 5B;
1184 : 5B;
1185 : 5B;
1186 : 5B;
1187 : 5B;
1188 : 5B;
1189 : 5B;
1190 : 5B;
1191 : 5B;
1192 : 5B;
1193 : 5B;
1194 : 5B;
1195 : 5B;
1196 : 5B;
1197 : 5B;
1198 : FF;
1199 : FF;
1200 : FF;
1201 : FF;
1202 : FF;
1203 : 5B;
1204 : 5B;
1205 : 5B;
1206 : 5B;
1207 : 5B;
1208 : 5B;
1209 : 5B;
1210 : 5B;
1211 : 5B;
1212 : 5B;
1213 : 5B;
1214 : 5B;
1215 : 5B;
1216 : 5B;
1217 : 5B;
1218 : 5B;
1219 : 5B;
1220 : 5B;
1221 : 5B;
1222 : 5B;
1223 : 5B;
1224 : 5B;
1225 : 5B;
1226 : 5B;
1227 : 5B;
1228 : 5B;
1229 : 5B;
1230 : 5B;
1231 : 5B;
1232 : 5B;
1233 : 5B;
1234 : 5B;
1235 : 5B;
1236 : 5B;
1237 : 5B;
1238 : 5B;
1239 : 5B;
1240 : 5B;
1241 : 5B;
1242 : 73;
1243 : 73;
1244 : 73;
1245 : 5B;
1246 : 5B;
1247 : 5B;
1248 : 5B;
1249 : 5B;
1250 : 5B;
1251 : 5B;
1252 : 5B;
1253 : 5B;
1254 : 5B;
1255 : 5B;
1256 : 5B;
1257 : 5B;
1258 : 5B;
1259 : 5B;
1260 : 5B;
1261 : 5B;
1262 : 5B;
1263 : 5B;
1264 : 5B;
1265 : 5B;
1266 : 5B;
1267 : FF;
1268 : FF;
1269 : FF;
1270 : FF;
1271 : FF;
1272 : FF;
1273 : FF;
1274 : FF;
1275 : 73;
1276 : 73;
1277 : FF;
1278 : FF;
1279 : FF;
1280 : FF;
1281 : FF;
1282 : FF;
1283 : FF;
1284 : FF;
1285 : FF;
1286 : FF;
1287 : FF;
1288 : FF;
1289 : FF;
1290 : FF;
1291 : FF;
1292 : FF;
1293 : FF;
1294 : FF;
1295 : FF;
1296 : 5B;
1297 : 5B;
1298 : 5B;
1299 : 5B;
1300 : 5B;
1301 : 5B;
1302 : 5B;
1303 : 5B;
1304 : 5B;
1305 : 5B;
1306 : 5B;
1307 : 5B;
1308 : 5B;
1309 : FF;
1310 : 73;
1311 : 73;
1312 : FF;
1313 : FF;
1314 : FF;
1315 : FF;
1316 : FF;
1317 : FF;
1318 : 5B;
1319 : 5B;
1320 : 5B;
1321 : 5B;
1322 : 5B;
1323 : 5B;
1324 : 5B;
1325 : 5B;
1326 : 5B;
1327 : 5B;
1328 : 5B;
1329 : 5B;
1330 : 5B;
1331 : 5B;
1332 : 5B;
1333 : 5B;
1334 : 5B;
1335 : 5B;
1336 : 5B;
1337 : 5B;
1338 : 5B;
1339 : 5B;
1340 : FF;
1341 : FF;
1342 : 73;
1343 : FF;
1344 : FF;
1345 : FF;
1346 : FF;
1347 : FF;
1348 : 5B;
1349 : 5B;
1350 : 5B;
1351 : 5B;
1352 : 5B;
1353 : 5B;
1354 : 5B;
1355 : 5B;
1356 : 5B;
1357 : 5B;
1358 : 5B;
1359 : 5B;
1360 : 5B;
1361 : 5B;
1362 : 5B;
1363 : 5B;
1364 : 5B;
1365 : 5B;
1366 : 5B;
1367 : 5B;
1368 : 5B;
1369 : 5B;
1370 : 5B;
1371 : 5B;
1372 : 5B;
1373 : 5B;
1374 : 5B;
1375 : 5B;
1376 : 5B;
1377 : 5B;
1378 : 5B;
1379 : 5B;
1380 : 5B;
1381 : 5B;
1382 : 5B;
1383 : 5B;
1384 : 5B;
1385 : 5B;
1386 : 73;
1387 : 73;
1388 : 73;
1389 : 5B;
1390 : 5B;
1391 : 5B;
1392 : 5B;
1393 : 5B;
1394 : 5B;
1395 : 5B;
1396 : 5B;
1397 : 5B;
1398 : 5B;
1399 : 5B;
1400 : 5B;
1401 : 5B;
1402 : 5B;
1403 : 5B;
1404 : 5B;
1405 : 5B;
1406 : 5B;
1407 : 5B;
1408 : 5B;
1409 : FF;
1410 : FF;
1411 : FF;
1412 : FF;
1413 : FF;
1414 : FF;
1415 : FF;
1416 : FF;
1417 : FF;
1418 : FF;
1419 : FF;
1420 : FF;
1421 : FF;
1422 : FF;
1423 : FF;
1424 : FF;
1425 : FF;
1426 : FF;
1427 : FF;
1428 : FF;
1429 : FF;
1430 : FF;
1431 : FF;
1432 : FF;
1433 : FF;
1434 : FF;
1435 : FF;
1436 : FF;
1437 : FF;
1438 : FF;
1439 : FF;
1440 : 5B;
1441 : 5B;
1442 : 5B;
1443 : 5B;
1444 : 5B;
1445 : 5B;
1446 : 5B;
1447 : 5B;
1448 : 5B;
1449 : 5B;
1450 : 5B;
1451 : 5B;
1452 : FF;
1453 : 73;
1454 : 73;
1455 : 73;
1456 : 73;
1457 : FF;
1458 : FF;
1459 : FF;
1460 : FF;
1461 : FF;
1462 : FF;
1463 : 5B;
1464 : 5B;
1465 : 5B;
1466 : 5B;
1467 : 5B;
1468 : 5B;
1469 : 5B;
1470 : 5B;
1471 : 5B;
1472 : 5B;
1473 : 5B;
1474 : 5B;
1475 : 5B;
1476 : 5B;
1477 : 5B;
1478 : 5B;
1479 : 5B;
1480 : 5B;
1481 : 5B;
1482 : 5B;
1483 : FF;
1484 : FF;
1485 : 73;
1486 : FF;
1487 : FF;
1488 : FF;
1489 : FF;
1490 : FF;
1491 : FF;
1492 : FF;
1493 : 5B;
1494 : 5B;
1495 : 5B;
1496 : 5B;
1497 : 5B;
1498 : 5B;
1499 : 5B;
1500 : 5B;
1501 : 5B;
1502 : 5B;
1503 : 5B;
1504 : 5B;
1505 : 5B;
1506 : 5B;
1507 : 5B;
1508 : 5B;
1509 : 5B;
1510 : 5B;
1511 : 5B;
1512 : 5B;
1513 : 5B;
1514 : 5B;
1515 : 5B;
1516 : 5B;
1517 : 5B;
1518 : 5B;
1519 : 5B;
1520 : 5B;
1521 : 5B;
1522 : 5B;
1523 : 5B;
1524 : 5B;
1525 : 5B;
1526 : 5B;
1527 : 5B;
1528 : 5B;
1529 : 73;
1530 : 73;
1531 : 73;
1532 : FF;
1533 : FF;
1534 : 5B;
1535 : 5B;
1536 : 5B;
1537 : 5B;
1538 : 5B;
1539 : 5B;
1540 : 5B;
1541 : 5B;
1542 : 5B;
1543 : 5B;
1544 : 5B;
1545 : 5B;
1546 : 5B;
1547 : 5B;
1548 : 5B;
1549 : 5B;
1550 : 5B;
1551 : 5B;
1552 : FF;
1553 : FF;
1554 : FF;
1555 : FF;
1556 : FF;
1557 : FF;
1558 : FF;
1559 : FF;
1560 : FF;
1561 : FF;
1562 : FF;
1563 : FF;
1564 : FF;
1565 : FF;
1566 : FF;
1567 : FF;
1568 : FF;
1569 : FF;
1570 : FF;
1571 : 73;
1572 : FF;
1573 : FF;
1574 : FF;
1575 : FF;
1576 : FF;
1577 : FF;
1578 : FF;
1579 : FF;
1580 : FF;
1581 : FF;
1582 : FF;
1583 : FF;
1584 : 5B;
1585 : 5B;
1586 : 5B;
1587 : 5B;
1588 : 5B;
1589 : 5B;
1590 : 5B;
1591 : 5B;
1592 : 5B;
1593 : 5B;
1594 : FF;
1595 : FF;
1596 : FF;
1597 : 73;
1598 : 73;
1599 : 73;
1600 : FF;
1601 : FF;
1602 : FF;
1603 : FF;
1604 : FF;
1605 : FF;
1606 : FF;
1607 : FF;
1608 : FF;
1609 : 5B;
1610 : 5B;
1611 : 5B;
1612 : 5B;
1613 : 5B;
1614 : 5B;
1615 : 5B;
1616 : 5B;
1617 : 5B;
1618 : 5B;
1619 : 5B;
1620 : 5B;
1621 : 5B;
1622 : 5B;
1623 : 5B;
1624 : 5B;
1625 : FF;
1626 : FF;
1627 : 73;
1628 : 73;
1629 : 73;
1630 : FF;
1631 : FF;
1632 : FF;
1633 : FF;
1634 : FF;
1635 : FF;
1636 : FF;
1637 : FF;
1638 : 5B;
1639 : 5B;
1640 : 5B;
1641 : 5B;
1642 : 5B;
1643 : 5B;
1644 : 5B;
1645 : 5B;
1646 : 5B;
1647 : 5B;
1648 : 5B;
1649 : 5B;
1650 : 5B;
1651 : 5B;
1652 : 5B;
1653 : 5B;
1654 : 5B;
1655 : 5B;
1656 : 5B;
1657 : 5B;
1658 : 5B;
1659 : 5B;
1660 : 5B;
1661 : 5B;
1662 : 5B;
1663 : 5B;
1664 : 5B;
1665 : 5B;
1666 : 5B;
1667 : 5B;
1668 : 5B;
1669 : 5B;
1670 : 5B;
1671 : 5B;
1672 : 73;
1673 : 73;
1674 : 73;
1675 : 73;
1676 : FF;
1677 : FF;
1678 : FF;
1679 : 5B;
1680 : 5B;
1681 : 5B;
1682 : 5B;
1683 : 5B;
1684 : 5B;
1685 : 5B;
1686 : 5B;
1687 : 5B;
1688 : 5B;
1689 : 5B;
1690 : 5B;
1691 : 5B;
1692 : 5B;
1693 : 5B;
1694 : 5B;
1695 : FF;
1696 : FF;
1697 : FF;
1698 : FF;
1699 : FF;
1700 : FF;
1701 : FF;
1702 : FF;
1703 : FF;
1704 : FF;
1705 : FF;
1706 : FF;
1707 : FF;
1708 : FF;
1709 : FF;
1710 : FF;
1711 : FF;
1712 : FF;
1713 : FF;
1714 : FF;
1715 : 73;
1716 : 73;
1717 : FF;
1718 : FF;
1719 : FF;
1720 : FF;
1721 : FF;
1722 : FF;
1723 : FF;
1724 : FF;
1725 : FF;
1726 : FF;
1727 : FF;
1728 : 5B;
1729 : 5B;
1730 : 5B;
1731 : 5B;
1732 : 5B;
1733 : 5B;
1734 : 5B;
1735 : 5B;
1736 : 5B;
1737 : FF;
1738 : FF;
1739 : FF;
1740 : 73;
1741 : 73;
1742 : 73;
1743 : 73;
1744 : FF;
1745 : FF;
1746 : FF;
1747 : FF;
1748 : FF;
1749 : FF;
1750 : FF;
1751 : FF;
1752 : FF;
1753 : FF;
1754 : FF;
1755 : 5B;
1756 : 5B;
1757 : 5B;
1758 : 5B;
1759 : 5B;
1760 : 5B;
1761 : 5B;
1762 : 5B;
1763 : 5B;
1764 : 5B;
1765 : 5B;
1766 : 5B;
1767 : FF;
1768 : FF;
1769 : FF;
1770 : 73;
1771 : 73;
1772 : 73;
1773 : FF;
1774 : FF;
1775 : FF;
1776 : FF;
1777 : FF;
1778 : FF;
1779 : FF;
1780 : FF;
1781 : FF;
1782 : 5B;
1783 : 5B;
1784 : 5B;
1785 : 5B;
1786 : 5B;
1787 : 5B;
1788 : 5B;
1789 : 5B;
1790 : 5B;
1791 : 5B;
1792 : 5B;
1793 : 5B;
1794 : 5B;
1795 : 5B;
1796 : 5B;
1797 : 5B;
1798 : 5B;
1799 : 5B;
1800 : 5B;
1801 : 5B;
1802 : 5B;
1803 : 5B;
1804 : 5B;
1805 : 5B;
1806 : 5B;
1807 : 5B;
1808 : 5B;
1809 : 5B;
1810 : 5B;
1811 : 5B;
1812 : 5B;
1813 : 5B;
1814 : 5B;
1815 : FF;
1816 : 73;
1817 : 73;
1818 : 73;
1819 : FF;
1820 : FF;
1821 : FF;
1822 : FF;
1823 : 5B;
1824 : 5B;
1825 : 5B;
1826 : 5B;
1827 : 5B;
1828 : 5B;
1829 : 5B;
1830 : 5B;
1831 : 5B;
1832 : 5B;
1833 : 5B;
1834 : 5B;
1835 : 5B;
1836 : 5B;
1837 : 5B;
1838 : FF;
1839 : FF;
1840 : FF;
1841 : FF;
1842 : FF;
1843 : FF;
1844 : FF;
1845 : FF;
1846 : FF;
1847 : FF;
1848 : FF;
1849 : FF;
1850 : FF;
1851 : FF;
1852 : FF;
1853 : FF;
1854 : FF;
1855 : FF;
1856 : FF;
1857 : FF;
1858 : FF;
1859 : FF;
1860 : 73;
1861 : 73;
1862 : FF;
1863 : FF;
1864 : FF;
1865 : FF;
1866 : FF;
1867 : FF;
1868 : FF;
1869 : FF;
1870 : FF;
1871 : FF;
1872 : 5B;
1873 : 5B;
1874 : 5B;
1875 : 5B;
1876 : 5B;
1877 : 5B;
1878 : 5B;
1879 : FF;
1880 : FF;
1881 : FF;
1882 : FF;
1883 : 73;
1884 : 73;
1885 : 73;
1886 : 73;
1887 : FF;
1888 : FF;
1889 : FF;
1890 : FF;
1891 : FF;
1892 : FF;
1893 : FF;
1894 : FF;
1895 : FF;
1896 : FF;
1897 : FF;
1898 : FF;
1899 : FF;
1900 : 5B;
1901 : 5B;
1902 : 5B;
1903 : 5B;
1904 : 5B;
1905 : 5B;
1906 : 5B;
1907 : 5B;
1908 : 5B;
1909 : FF;
1910 : FF;
1911 : FF;
1912 : FF;
1913 : FF;
1914 : 73;
1915 : 73;
1916 : 73;
1917 : FF;
1918 : FF;
1919 : FF;
1920 : FF;
1921 : FF;
1922 : FF;
1923 : FF;
1924 : FF;
1925 : FF;
1926 : FF;
1927 : FF;
1928 : 5B;
1929 : 5B;
1930 : 5B;
1931 : 5B;
1932 : 5B;
1933 : 5B;
1934 : 5B;
1935 : 5B;
1936 : 5B;
1937 : 5B;
1938 : 5B;
1939 : 5B;
1940 : 5B;
1941 : 5B;
1942 : 5B;
1943 : 5B;
1944 : 5B;
1945 : 5B;
1946 : 5B;
1947 : 5B;
1948 : 5B;
1949 : 5B;
1950 : 5B;
1951 : 5B;
1952 : 5B;
1953 : 5B;
1954 : 5B;
1955 : 5B;
1956 : 5B;
1957 : 5B;
1958 : FF;
1959 : 73;
1960 : 73;
1961 : 73;
1962 : FF;
1963 : FF;
1964 : FF;
1965 : FF;
1966 : FF;
1967 : FF;
1968 : FF;
1969 : 5B;
1970 : 5B;
1971 : 5B;
1972 : 5B;
1973 : 5B;
1974 : 5B;
1975 : 5B;
1976 : 5B;
1977 : 5B;
1978 : 5B;
1979 : 5B;
1980 : 5B;
1981 : FF;
1982 : FF;
1983 : FF;
1984 : FF;
1985 : FF;
1986 : FF;
1987 : FF;
1988 : FF;
1989 : FF;
1990 : FF;
1991 : FF;
1992 : FF;
1993 : FF;
1994 : FF;
1995 : FF;
1996 : FF;
1997 : FF;
1998 : FF;
1999 : FF;
2000 : FF;
2001 : FF;
2002 : FF;
2003 : FF;
2004 : 73;
2005 : 73;
2006 : 73;
2007 : FF;
2008 : FF;
2009 : FF;
2010 : FF;
2011 : FF;
2012 : FF;
2013 : FF;
2014 : FF;
2015 : FF;
2016 : 5B;
2017 : 5B;
2018 : 5B;
2019 : 5B;
2020 : 5B;
2021 : FF;
2022 : FF;
2023 : FF;
2024 : FF;
2025 : FF;
2026 : FF;
2027 : 73;
2028 : 73;
2029 : 73;
2030 : FF;
2031 : FF;
2032 : FF;
2033 : FF;
2034 : FF;
2035 : FF;
2036 : FF;
2037 : FF;
2038 : FF;
2039 : FF;
2040 : FF;
2041 : FF;
2042 : FF;
2043 : FF;
2044 : FF;
2045 : 5B;
2046 : 5B;
2047 : 5B;
2048 : 5B;
2049 : 5B;
2050 : 5B;
2051 : FF;
2052 : FF;
2053 : FF;
2054 : FF;
2055 : FF;
2056 : FF;
2057 : 73;
2058 : 73;
2059 : 73;
2060 : FF;
2061 : FF;
2062 : FF;
2063 : FF;
2064 : FF;
2065 : FF;
2066 : FF;
2067 : FF;
2068 : FF;
2069 : FF;
2070 : FF;
2071 : FF;
2072 : FF;
2073 : 5B;
2074 : 5B;
2075 : 5B;
2076 : 5B;
2077 : 5B;
2078 : 5B;
2079 : 5B;
2080 : 5B;
2081 : 5B;
2082 : 5B;
2083 : 5B;
2084 : 5B;
2085 : 5B;
2086 : 5B;
2087 : FF;
2088 : FF;
2089 : 5B;
2090 : 5B;
2091 : 5B;
2092 : 5B;
2093 : 5B;
2094 : 5B;
2095 : 5B;
2096 : 5B;
2097 : 5B;
2098 : 5B;
2099 : 5B;
2100 : 5B;
2101 : FF;
2102 : FF;
2103 : 73;
2104 : 73;
2105 : 73;
2106 : FF;
2107 : FF;
2108 : FF;
2109 : FF;
2110 : FF;
2111 : FF;
2112 : FF;
2113 : 5B;
2114 : 5B;
2115 : 5B;
2116 : 5B;
2117 : 5B;
2118 : 5B;
2119 : 5B;
2120 : 5B;
2121 : 5B;
2122 : 5B;
2123 : 5B;
2124 : FF;
2125 : FF;
2126 : FF;
2127 : FF;
2128 : FF;
2129 : FF;
2130 : FF;
2131 : FF;
2132 : FF;
2133 : FF;
2134 : FF;
2135 : FF;
2136 : 73;
2137 : 73;
2138 : FF;
2139 : FF;
2140 : FF;
2141 : FF;
2142 : FF;
2143 : FF;
2144 : FF;
2145 : FF;
2146 : FF;
2147 : FF;
2148 : FF;
2149 : 73;
2150 : 73;
2151 : 73;
2152 : FF;
2153 : FF;
2154 : FF;
2155 : FF;
2156 : FF;
2157 : FF;
2158 : FF;
2159 : FF;
2160 : 5B;
2161 : 5B;
2162 : 5B;
2163 : 5B;
2164 : FF;
2165 : FF;
2166 : FF;
2167 : FF;
2168 : FF;
2169 : FF;
2170 : 73;
2171 : 73;
2172 : 73;
2173 : 73;
2174 : FF;
2175 : FF;
2176 : FF;
2177 : FF;
2178 : FF;
2179 : FF;
2180 : FF;
2181 : FF;
2182 : FF;
2183 : FF;
2184 : FF;
2185 : FF;
2186 : FF;
2187 : FF;
2188 : FF;
2189 : FF;
2190 : FF;
2191 : 5B;
2192 : 5B;
2193 : FF;
2194 : FF;
2195 : FF;
2196 : FF;
2197 : FF;
2198 : FF;
2199 : FF;
2200 : 73;
2201 : 73;
2202 : 73;
2203 : FF;
2204 : FF;
2205 : FF;
2206 : FF;
2207 : FF;
2208 : FF;
2209 : FF;
2210 : FF;
2211 : FF;
2212 : FF;
2213 : FF;
2214 : FF;
2215 : FF;
2216 : FF;
2217 : FF;
2218 : FF;
2219 : 5B;
2220 : 5B;
2221 : 5B;
2222 : 5B;
2223 : 5B;
2224 : 5B;
2225 : 5B;
2226 : 5B;
2227 : 5B;
2228 : 5B;
2229 : FF;
2230 : FF;
2231 : FF;
2232 : FF;
2233 : FF;
2234 : 5B;
2235 : 5B;
2236 : 5B;
2237 : 5B;
2238 : 5B;
2239 : 5B;
2240 : 5B;
2241 : 5B;
2242 : 5B;
2243 : 5B;
2244 : FF;
2245 : FF;
2246 : FF;
2247 : FF;
2248 : 73;
2249 : FF;
2250 : FF;
2251 : FF;
2252 : FF;
2253 : FF;
2254 : FF;
2255 : FF;
2256 : FF;
2257 : FF;
2258 : FF;
2259 : 5B;
2260 : 5B;
2261 : 5B;
2262 : 5B;
2263 : 5B;
2264 : 5B;
2265 : 5B;
2266 : 5B;
2267 : FF;
2268 : FF;
2269 : FF;
2270 : FF;
2271 : FF;
2272 : FF;
2273 : FF;
2274 : FF;
2275 : FF;
2276 : FF;
2277 : FF;
2278 : FF;
2279 : 73;
2280 : 73;
2281 : 73;
2282 : FF;
2283 : FF;
2284 : FF;
2285 : FF;
2286 : FF;
2287 : FF;
2288 : FF;
2289 : FF;
2290 : FF;
2291 : FF;
2292 : FF;
2293 : FF;
2294 : 73;
2295 : 73;
2296 : 73;
2297 : FF;
2298 : FF;
2299 : FF;
2300 : FF;
2301 : FF;
2302 : FF;
2303 : FF;
2304 : 5B;
2305 : 5B;
2306 : 5B;
2307 : 5B;
2308 : 5B;
2309 : 5B;
2310 : 5B;
2311 : 5B;
2312 : 5B;
2313 : 5B;
2314 : 5B;
2315 : 5B;
2316 : 5B;
2317 : 5B;
2318 : 5B;
2319 : 5B;
2320 : FF;
2321 : FF;
2322 : FF;
2323 : FF;
2324 : FF;
2325 : FF;
2326 : FF;
2327 : FF;
2328 : 73;
2329 : 73;
2330 : 73;
2331 : FF;
2332 : FF;
2333 : FF;
2334 : FF;
2335 : FF;
2336 : FF;
2337 : FF;
2338 : FF;
2339 : FF;
2340 : FF;
2341 : FF;
2342 : FF;
2343 : FF;
2344 : FF;
2345 : FF;
2346 : FF;
2347 : FF;
2348 : 5B;
2349 : 5B;
2350 : 5B;
2351 : 5B;
2352 : 5B;
2353 : 5B;
2354 : 5B;
2355 : 5B;
2356 : 5B;
2357 : 5B;
2358 : 5B;
2359 : 5B;
2360 : 5B;
2361 : 5B;
2362 : 5B;
2363 : 5B;
2364 : 5B;
2365 : 5B;
2366 : 5B;
2367 : 5B;
2368 : 5B;
2369 : 5B;
2370 : 5B;
2371 : 5B;
2372 : 5B;
2373 : 5B;
2374 : 5B;
2375 : 5B;
2376 : 5B;
2377 : 5B;
2378 : 5B;
2379 : 5B;
2380 : 5B;
2381 : 5B;
2382 : 5B;
2383 : 5B;
2384 : 5B;
2385 : 5B;
2386 : 5B;
2387 : 5B;
2388 : 5B;
2389 : 5B;
2390 : 5B;
2391 : 5B;
2392 : 5B;
2393 : 5B;
2394 : 5B;
2395 : 5B;
2396 : FF;
2397 : FF;
2398 : FF;
2399 : 73;
2400 : 73;
2401 : FF;
2402 : FF;
2403 : 5B;
2404 : 5B;
2405 : 5B;
2406 : 5B;
2407 : 5B;
2408 : 5B;
2409 : 5B;
2410 : 5B;
2411 : 5B;
2412 : 5B;
2413 : 5B;
2414 : 5B;
2415 : 5B;
2416 : 5B;
2417 : 5B;
2418 : 5B;
2419 : 5B;
2420 : 5B;
2421 : 5B;
2422 : 5B;
2423 : 5B;
2424 : 5B;
2425 : 5B;
2426 : 5B;
2427 : FF;
2428 : FF;
2429 : FF;
2430 : FF;
2431 : FF;
2432 : FF;
2433 : FF;
2434 : FF;
2435 : FF;
2436 : FF;
2437 : FF;
2438 : FF;
2439 : FF;
2440 : FF;
2441 : FF;
2442 : FF;
2443 : FF;
2444 : 5B;
2445 : 5B;
2446 : 5B;
2447 : 5B;
2448 : FF;
2449 : 5B;
2450 : 5B;
2451 : 5B;
2452 : 5B;
2453 : 5B;
2454 : 5B;
2455 : 5B;
2456 : 5B;
2457 : 5B;
2458 : 5B;
2459 : 5B;
2460 : 5B;
2461 : 5B;
2462 : FF;
2463 : FF;
2464 : FF;
2465 : FF;
2466 : FF;
2467 : FF;
2468 : FF;
2469 : FF;
2470 : FF;
2471 : 73;
2472 : 73;
2473 : 73;
2474 : FF;
2475 : FF;
2476 : FF;
2477 : FF;
2478 : FF;
2479 : FF;
2480 : FF;
2481 : FF;
2482 : FF;
2483 : FF;
2484 : FF;
2485 : FF;
2486 : FF;
2487 : FF;
2488 : FF;
2489 : FF;
2490 : FF;
2491 : FF;
2492 : FF;
2493 : FF;
2494 : 5B;
2495 : 5B;
2496 : 5B;
2497 : 5B;
2498 : 5B;
2499 : 5B;
2500 : 5B;
2501 : 5B;
2502 : 5B;
2503 : 5B;
2504 : 5B;
2505 : 5B;
2506 : 5B;
2507 : 5B;
2508 : 5B;
2509 : 5B;
2510 : 5B;
2511 : 5B;
2512 : 5B;
2513 : 5B;
2514 : 5B;
2515 : 5B;
2516 : 5B;
2517 : 5B;
2518 : 5B;
2519 : 5B;
2520 : 5B;
2521 : 5B;
2522 : 5B;
2523 : 5B;
2524 : 5B;
2525 : 5B;
2526 : 5B;
2527 : 5B;
2528 : 5B;
2529 : 5B;
2530 : 5B;
2531 : 5B;
2532 : 5B;
2533 : 5B;
2534 : 5B;
2535 : 5B;
2536 : 5B;
2537 : 5B;
2538 : 5B;
2539 : FF;
2540 : FF;
2541 : 73;
2542 : 73;
2543 : 73;
2544 : FF;
2545 : FF;
2546 : FF;
2547 : FF;
2548 : 5B;
2549 : 5B;
2550 : 5B;
2551 : 5B;
2552 : 5B;
2553 : 5B;
2554 : 5B;
2555 : 5B;
2556 : 5B;
2557 : 5B;
2558 : 5B;
2559 : 5B;
2560 : 5B;
2561 : 5B;
2562 : 5B;
2563 : 5B;
2564 : 5B;
2565 : 5B;
2566 : 5B;
2567 : 5B;
2568 : 5B;
2569 : FF;
2570 : FF;
2571 : FF;
2572 : FF;
2573 : FF;
2574 : FF;
2575 : FF;
2576 : FF;
2577 : FF;
2578 : FF;
2579 : FF;
2580 : FF;
2581 : FF;
2582 : FF;
2583 : FF;
2584 : FF;
2585 : FF;
2586 : FF;
2587 : FF;
2588 : FF;
2589 : 5B;
2590 : 5B;
2591 : 5B;
2592 : FF;
2593 : FF;
2594 : 5B;
2595 : 5B;
2596 : 5B;
2597 : 5B;
2598 : 5B;
2599 : 5B;
2600 : 5B;
2601 : 5B;
2602 : 5B;
2603 : 5B;
2604 : 5B;
2605 : FF;
2606 : FF;
2607 : FF;
2608 : FF;
2609 : FF;
2610 : FF;
2611 : FF;
2612 : FF;
2613 : FF;
2614 : FF;
2615 : FF;
2616 : FF;
2617 : FF;
2618 : FF;
2619 : FF;
2620 : FF;
2621 : FF;
2622 : FF;
2623 : FF;
2624 : FF;
2625 : FF;
2626 : FF;
2627 : FF;
2628 : FF;
2629 : FF;
2630 : FF;
2631 : FF;
2632 : FF;
2633 : FF;
2634 : FF;
2635 : FF;
2636 : FF;
2637 : FF;
2638 : FF;
2639 : 5B;
2640 : 5B;
2641 : 5B;
2642 : 5B;
2643 : 5B;
2644 : 5B;
2645 : 5B;
2646 : 5B;
2647 : 5B;
2648 : 5B;
2649 : 5B;
2650 : 5B;
2651 : 5B;
2652 : 5B;
2653 : 5B;
2654 : 5B;
2655 : FF;
2656 : FF;
2657 : FF;
2658 : FF;
2659 : 5B;
2660 : 5B;
2661 : 5B;
2662 : 5B;
2663 : 5B;
2664 : 5B;
2665 : 5B;
2666 : 5B;
2667 : 5B;
2668 : 5B;
2669 : 5B;
2670 : 5B;
2671 : 5B;
2672 : 5B;
2673 : 5B;
2674 : 5B;
2675 : 5B;
2676 : 5B;
2677 : 5B;
2678 : 5B;
2679 : 5B;
2680 : 5B;
2681 : 5B;
2682 : FF;
2683 : FF;
2684 : 73;
2685 : FF;
2686 : 73;
2687 : 73;
2688 : FF;
2689 : FF;
2690 : FF;
2691 : FF;
2692 : FF;
2693 : FF;
2694 : 5B;
2695 : 5B;
2696 : 5B;
2697 : 5B;
2698 : 5B;
2699 : 5B;
2700 : 5B;
2701 : 5B;
2702 : 5B;
2703 : 5B;
2704 : 5B;
2705 : 5B;
2706 : 5B;
2707 : 5B;
2708 : 5B;
2709 : 5B;
2710 : FF;
2711 : FF;
2712 : FF;
2713 : FF;
2714 : FF;
2715 : FF;
2716 : FF;
2717 : FF;
2718 : FF;
2719 : FF;
2720 : FF;
2721 : FF;
2722 : FF;
2723 : FF;
2724 : FF;
2725 : FF;
2726 : FF;
2727 : FF;
2728 : FF;
2729 : FF;
2730 : FF;
2731 : FF;
2732 : FF;
2733 : FF;
2734 : 5B;
2735 : 5B;
2736 : FF;
2737 : FF;
2738 : FF;
2739 : 5B;
2740 : 5B;
2741 : 5B;
2742 : 5B;
2743 : 5B;
2744 : 5B;
2745 : 5B;
2746 : 5B;
2747 : 5B;
2748 : FF;
2749 : FF;
2750 : FF;
2751 : FF;
2752 : FF;
2753 : FF;
2754 : FF;
2755 : FF;
2756 : FF;
2757 : FF;
2758 : FF;
2759 : FF;
2760 : FF;
2761 : FF;
2762 : FF;
2763 : FF;
2764 : FF;
2765 : FF;
2766 : FF;
2767 : FF;
2768 : FF;
2769 : FF;
2770 : 73;
2771 : FF;
2772 : FF;
2773 : FF;
2774 : FF;
2775 : FF;
2776 : FF;
2777 : FF;
2778 : FF;
2779 : FF;
2780 : FF;
2781 : FF;
2782 : FF;
2783 : FF;
2784 : 5B;
2785 : 5B;
2786 : 5B;
2787 : 5B;
2788 : 5B;
2789 : 5B;
2790 : 5B;
2791 : 5B;
2792 : 5B;
2793 : 5B;
2794 : 5B;
2795 : 5B;
2796 : 5B;
2797 : 5B;
2798 : FF;
2799 : FF;
2800 : FF;
2801 : FF;
2802 : FF;
2803 : FF;
2804 : 5B;
2805 : 5B;
2806 : 5B;
2807 : 5B;
2808 : 5B;
2809 : 5B;
2810 : 5B;
2811 : 5B;
2812 : 5B;
2813 : 5B;
2814 : 5B;
2815 : 5B;
2816 : 5B;
2817 : 5B;
2818 : 5B;
2819 : 5B;
2820 : 5B;
2821 : 5B;
2822 : 5B;
2823 : 5B;
2824 : 5B;
2825 : FF;
2826 : FF;
2827 : FF;
2828 : 73;
2829 : 73;
2830 : 73;
2831 : FF;
2832 : FF;
2833 : FF;
2834 : FF;
2835 : FF;
2836 : FF;
2837 : FF;
2838 : FF;
2839 : 5B;
2840 : 5B;
2841 : 5B;
2842 : 5B;
2843 : 5B;
2844 : 5B;
2845 : 5B;
2846 : 5B;
2847 : 5B;
2848 : 5B;
2849 : 5B;
2850 : 5B;
2851 : 5B;
2852 : FF;
2853 : FF;
2854 : FF;
2855 : FF;
2856 : FF;
2857 : FF;
2858 : FF;
2859 : FF;
2860 : FF;
2861 : FF;
2862 : FF;
2863 : FF;
2864 : FF;
2865 : FF;
2866 : FF;
2867 : FF;
2868 : FF;
2869 : FF;
2870 : FF;
2871 : FF;
2872 : FF;
2873 : FF;
2874 : FF;
2875 : FF;
2876 : FF;
2877 : FF;
2878 : FF;
2879 : 5B;
2880 : FF;
2881 : FF;
2882 : FF;
2883 : 5B;
2884 : 5B;
2885 : 5B;
2886 : 5B;
2887 : 5B;
2888 : 5B;
2889 : 5B;
2890 : 5B;
2891 : FF;
2892 : FF;
2893 : FF;
2894 : FF;
2895 : FF;
2896 : FF;
2897 : FF;
2898 : FF;
2899 : FF;
2900 : FF;
2901 : FF;
2902 : FF;
2903 : FF;
2904 : FF;
2905 : FF;
2906 : FF;
2907 : FF;
2908 : FF;
2909 : FF;
2910 : FF;
2911 : FF;
2912 : FF;
2913 : FF;
2914 : FF;
2915 : 73;
2916 : 73;
2917 : FF;
2918 : FF;
2919 : FF;
2920 : FF;
2921 : FF;
2922 : FF;
2923 : FF;
2924 : FF;
2925 : FF;
2926 : FF;
2927 : FF;
2928 : FF;
2929 : 5B;
2930 : 5B;
2931 : 5B;
2932 : 5B;
2933 : 5B;
2934 : 5B;
2935 : 5B;
2936 : 5B;
2937 : 5B;
2938 : 5B;
2939 : 5B;
2940 : FF;
2941 : FF;
2942 : FF;
2943 : FF;
2944 : FF;
2945 : 73;
2946 : FF;
2947 : FF;
2948 : FF;
2949 : 5B;
2950 : 5B;
2951 : 5B;
2952 : 5B;
2953 : 5B;
2954 : 5B;
2955 : 5B;
2956 : 5B;
2957 : 5B;
2958 : 5B;
2959 : 5B;
2960 : 5B;
2961 : 5B;
2962 : 5B;
2963 : 5B;
2964 : 5B;
2965 : 5B;
2966 : 5B;
2967 : 5B;
2968 : FF;
2969 : FF;
2970 : FF;
2971 : 73;
2972 : 73;
2973 : 73;
2974 : FF;
2975 : FF;
2976 : FF;
2977 : FF;
2978 : FF;
2979 : FF;
2980 : FF;
2981 : FF;
2982 : FF;
2983 : FF;
2984 : 5B;
2985 : 5B;
2986 : 5B;
2987 : 5B;
2988 : 5B;
2989 : 5B;
2990 : 5B;
2991 : 5B;
2992 : 5B;
2993 : 5B;
2994 : FF;
2995 : FF;
2996 : FF;
2997 : FF;
2998 : FF;
2999 : FF;
3000 : FF;
3001 : FF;
3002 : FF;
3003 : FF;
3004 : FF;
3005 : FF;
3006 : FF;
3007 : FF;
3008 : FF;
3009 : FF;
3010 : FF;
3011 : FF;
3012 : FF;
3013 : FF;
3014 : FF;
3015 : FF;
3016 : FF;
3017 : FF;
3018 : FF;
3019 : FF;
3020 : FF;
3021 : FF;
3022 : FF;
3023 : FF;
3024 : FF;
3025 : FF;
3026 : FF;
3027 : FF;
3028 : 5B;
3029 : 5B;
3030 : 5B;
3031 : 5B;
3032 : 5B;
3033 : 5B;
3034 : FF;
3035 : FF;
3036 : FF;
3037 : FF;
3038 : FF;
3039 : FF;
3040 : FF;
3041 : FF;
3042 : FF;
3043 : FF;
3044 : FF;
3045 : FF;
3046 : FF;
3047 : FF;
3048 : FF;
3049 : FF;
3050 : FF;
3051 : FF;
3052 : FF;
3053 : FF;
3054 : FF;
3055 : FF;
3056 : FF;
3057 : FF;
3058 : FF;
3059 : 73;
3060 : 73;
3061 : 73;
3062 : FF;
3063 : FF;
3064 : FF;
3065 : FF;
3066 : FF;
3067 : FF;
3068 : FF;
3069 : FF;
3070 : FF;
3071 : FF;
3072 : FF;
3073 : FF;
3074 : FF;
3075 : 5B;
3076 : 5B;
3077 : 5B;
3078 : 5B;
3079 : 5B;
3080 : 5B;
3081 : FF;
3082 : FF;
3083 : FF;
3084 : FF;
3085 : FF;
3086 : 73;
3087 : 73;
3088 : 73;
3089 : 73;
3090 : FF;
3091 : FF;
3092 : FF;
3093 : FF;
3094 : FF;
3095 : 5B;
3096 : 5B;
3097 : 5B;
3098 : 5B;
3099 : 5B;
3100 : 5B;
3101 : 5B;
3102 : 5B;
3103 : 5B;
3104 : 5B;
3105 : 5B;
3106 : 5B;
3107 : 5B;
3108 : 5B;
3109 : 5B;
3110 : 5B;
3111 : FF;
3112 : FF;
3113 : FF;
3114 : 73;
3115 : FF;
3116 : 73;
3117 : 73;
3118 : FF;
3119 : FF;
3120 : FF;
3121 : FF;
3122 : FF;
3123 : FF;
3124 : FF;
3125 : FF;
3126 : FF;
3127 : FF;
3128 : FF;
3129 : 5B;
3130 : 5B;
3131 : 5B;
3132 : 5B;
3133 : 5B;
3134 : 5B;
3135 : 5B;
3136 : 5B;
3137 : FF;
3138 : FF;
3139 : FF;
3140 : FF;
3141 : FF;
3142 : FF;
3143 : FF;
3144 : FF;
3145 : FF;
3146 : FF;
3147 : FF;
3148 : FF;
3149 : FF;
3150 : FF;
3151 : FF;
3152 : FF;
3153 : FF;
3154 : FF;
3155 : FF;
3156 : FF;
3157 : FF;
3158 : FF;
3159 : FF;
3160 : FF;
3161 : FF;
3162 : FF;
3163 : FF;
3164 : FF;
3165 : FF;
3166 : FF;
3167 : FF;
3168 : FF;
3169 : FF;
3170 : FF;
3171 : FF;
3172 : 5B;
3173 : 5B;
3174 : 5B;
3175 : 5B;
3176 : 5B;
3177 : FF;
3178 : FF;
3179 : FF;
3180 : FF;
3181 : FF;
3182 : FF;
3183 : FF;
3184 : FF;
3185 : FF;
3186 : FF;
3187 : FF;
3188 : FF;
3189 : FF;
3190 : FF;
3191 : FF;
3192 : FF;
3193 : FF;
3194 : FF;
3195 : FF;
3196 : FF;
3197 : FF;
3198 : FF;
3199 : FF;
3200 : FF;
3201 : FF;
3202 : FF;
3203 : FF;
3204 : 73;
3205 : 73;
3206 : 73;
3207 : FF;
3208 : FF;
3209 : FF;
3210 : FF;
3211 : FF;
3212 : FF;
3213 : FF;
3214 : FF;
3215 : FF;
3216 : FF;
3217 : FF;
3218 : FF;
3219 : FF;
3220 : 5B;
3221 : 5B;
3222 : 5B;
3223 : 5B;
3224 : FF;
3225 : FF;
3226 : FF;
3227 : FF;
3228 : FF;
3229 : 73;
3230 : 73;
3231 : 73;
3232 : 73;
3233 : FF;
3234 : FF;
3235 : FF;
3236 : FF;
3237 : FF;
3238 : FF;
3239 : FF;
3240 : FF;
3241 : FF;
3242 : 5B;
3243 : 5B;
3244 : 5B;
3245 : 5B;
3246 : 5B;
3247 : 5B;
3248 : 5B;
3249 : 5B;
3250 : 5B;
3251 : 5B;
3252 : 5B;
3253 : 5B;
3254 : FF;
3255 : FF;
3256 : FF;
3257 : FF;
3258 : 73;
3259 : 73;
3260 : 73;
3261 : FF;
3262 : FF;
3263 : FF;
3264 : FF;
3265 : FF;
3266 : FF;
3267 : FF;
3268 : FF;
3269 : FF;
3270 : FF;
3271 : FF;
3272 : FF;
3273 : 5B;
3274 : 5B;
3275 : 5B;
3276 : 5B;
3277 : 5B;
3278 : 5B;
3279 : 5B;
3280 : FF;
3281 : FF;
3282 : FF;
3283 : FF;
3284 : FF;
3285 : FF;
3286 : FF;
3287 : FF;
3288 : FF;
3289 : FF;
3290 : FF;
3291 : FF;
3292 : FF;
3293 : FF;
3294 : FF;
3295 : FF;
3296 : FF;
3297 : FF;
3298 : FF;
3299 : FF;
3300 : FF;
3301 : FF;
3302 : FF;
3303 : FF;
3304 : FF;
3305 : FF;
3306 : FF;
3307 : FF;
3308 : FF;
3309 : FF;
3310 : FF;
3311 : FF;
3312 : FF;
3313 : FF;
3314 : FF;
3315 : FF;
3316 : FF;
3317 : 5B;
3318 : 5B;
3319 : 5B;
3320 : FF;
3321 : FF;
3322 : FF;
3323 : FF;
3324 : FF;
3325 : FF;
3326 : FF;
3327 : FF;
3328 : FF;
3329 : FF;
3330 : FF;
3331 : FF;
3332 : FF;
3333 : 73;
3334 : FF;
3335 : FF;
3336 : FF;
3337 : FF;
3338 : FF;
3339 : FF;
3340 : FF;
3341 : FF;
3342 : FF;
3343 : FF;
3344 : FF;
3345 : FF;
3346 : FF;
3347 : FF;
3348 : FF;
3349 : 73;
3350 : 73;
3351 : 73;
3352 : FF;
3353 : FF;
3354 : FF;
3355 : FF;
3356 : FF;
3357 : FF;
3358 : FF;
3359 : FF;
3360 : FF;
3361 : FF;
3362 : FF;
3363 : FF;
3364 : FF;
3365 : FF;
3366 : 5B;
3367 : 5B;
3368 : FF;
3369 : FF;
3370 : FF;
3371 : FF;
3372 : FF;
3373 : 73;
3374 : 73;
3375 : 73;
3376 : 73;
3377 : FF;
3378 : FF;
3379 : FF;
3380 : FF;
3381 : FF;
3382 : FF;
3383 : FF;
3384 : FF;
3385 : FF;
3386 : FF;
3387 : FF;
3388 : FF;
3389 : 5B;
3390 : 5B;
3391 : 5B;
3392 : 5B;
3393 : 5B;
3394 : 5B;
3395 : 5B;
3396 : 5B;
3397 : FF;
3398 : FF;
3399 : FF;
3400 : FF;
3401 : 73;
3402 : FF;
3403 : FF;
3404 : FF;
3405 : FF;
3406 : FF;
3407 : FF;
3408 : FF;
3409 : FF;
3410 : FF;
3411 : FF;
3412 : FF;
3413 : FF;
3414 : FF;
3415 : FF;
3416 : FF;
3417 : FF;
3418 : 5B;
3419 : 5B;
3420 : 5B;
3421 : 5B;
3422 : 5B;
3423 : 5B;
3424 : FF;
3425 : FF;
3426 : FF;
3427 : FF;
3428 : FF;
3429 : FF;
3430 : FF;
3431 : FF;
3432 : FF;
3433 : FF;
3434 : FF;
3435 : FF;
3436 : 73;
3437 : FF;
3438 : FF;
3439 : FF;
3440 : FF;
3441 : FF;
3442 : FF;
3443 : FF;
3444 : FF;
3445 : FF;
3446 : FF;
3447 : FF;
3448 : FF;
3449 : FF;
3450 : FF;
3451 : FF;
3452 : FF;
3453 : FF;
3454 : FF;
3455 : FF;
3456 : 5B;
3457 : 5B;
3458 : 5B;
3459 : 5B;
3460 : 5B;
3461 : 5B;
3462 : 5B;
3463 : 5B;
3464 : 5B;
3465 : 5B;
3466 : FF;
3467 : FF;
3468 : FF;
3469 : FF;
3470 : FF;
3471 : FF;
3472 : FF;
3473 : FF;
3474 : FF;
3475 : FF;
3476 : FF;
3477 : FF;
3478 : FF;
3479 : 73;
3480 : 73;
3481 : 73;
3482 : 73;
3483 : FF;
3484 : FF;
3485 : FF;
3486 : FF;
3487 : FF;
3488 : FF;
3489 : FF;
3490 : FF;
3491 : FF;
3492 : FF;
3493 : FF;
3494 : 73;
3495 : 73;
3496 : 73;
3497 : FF;
3498 : FF;
3499 : FF;
3500 : FF;
3501 : FF;
3502 : FF;
3503 : FF;
3504 : FF;
3505 : FF;
3506 : FF;
3507 : FF;
3508 : FF;
3509 : 5B;
3510 : 5B;
3511 : 5B;
3512 : 5B;
3513 : 5B;
3514 : 5B;
3515 : 5B;
3516 : 5B;
3517 : 5B;
3518 : 5B;
3519 : FF;
3520 : FF;
3521 : FF;
3522 : FF;
3523 : FF;
3524 : FF;
3525 : FF;
3526 : FF;
3527 : FF;
3528 : FF;
3529 : FF;
3530 : FF;
3531 : FF;
3532 : 73;
3533 : 73;
3534 : 73;
3535 : FF;
3536 : FF;
3537 : FF;
3538 : FF;
3539 : FF;
3540 : FF;
3541 : FF;
3542 : FF;
3543 : FF;
3544 : FF;
3545 : FF;
3546 : FF;
3547 : FF;
3548 : FF;
3549 : 73;
3550 : 73;
3551 : 73;
3552 : 73;
3553 : FF;
3554 : FF;
3555 : FF;
3556 : FF;
3557 : FF;
3558 : FF;
3559 : FF;
3560 : FF;
3561 : FF;
3562 : FF;
3563 : FF;
3564 : FF;
3565 : FF;
3566 : FF;
3567 : 5B;
3568 : 5B;
3569 : 5B;
3570 : 5B;
3571 : 5B;
3572 : 5B;
3573 : 5B;
3574 : 5B;
3575 : 5B;
3576 : 5B;
3577 : 5B;
3578 : 5B;
3579 : 5B;
3580 : 5B;
3581 : 5B;
3582 : 5B;
3583 : 5B;
3584 : 5B;
3585 : 5B;
3586 : 5B;
3587 : 5B;
3588 : 5B;
3589 : 5B;
3590 : 5B;
3591 : 5B;
3592 : 5B;
3593 : 5B;
3594 : 5B;
3595 : 5B;
3596 : 5B;
3597 : 5B;
3598 : 5B;
3599 : 5B;
3600 : 5B;
3601 : 5B;
3602 : 5B;
3603 : 5B;
3604 : 5B;
3605 : 5B;
3606 : 5B;
3607 : 5B;
3608 : 5B;
3609 : FF;
3610 : FF;
3611 : FF;
3612 : FF;
3613 : FF;
3614 : FF;
3615 : FF;
3616 : FF;
3617 : FF;
3618 : FF;
3619 : FF;
3620 : FF;
3621 : FF;
3622 : 73;
3623 : 73;
3624 : 73;
3625 : 73;
3626 : 73;
3627 : FF;
3628 : FF;
3629 : FF;
3630 : FF;
3631 : FF;
3632 : FF;
3633 : FF;
3634 : FF;
3635 : FF;
3636 : FF;
3637 : FF;
3638 : FF;
3639 : 73;
3640 : 73;
3641 : 73;
3642 : FF;
3643 : FF;
3644 : FF;
3645 : FF;
3646 : FF;
3647 : FF;
3648 : FF;
3649 : FF;
3650 : FF;
3651 : FF;
3652 : FF;
3653 : FF;
3654 : 5B;
3655 : 5B;
3656 : 5B;
3657 : 5B;
3658 : 5B;
3659 : 5B;
3660 : 5B;
3661 : 5B;
3662 : 5B;
3663 : FF;
3664 : FF;
3665 : FF;
3666 : FF;
3667 : FF;
3668 : FF;
3669 : FF;
3670 : FF;
3671 : FF;
3672 : FF;
3673 : FF;
3674 : FF;
3675 : FF;
3676 : 73;
3677 : 73;
3678 : 73;
3679 : FF;
3680 : FF;
3681 : FF;
3682 : FF;
3683 : FF;
3684 : FF;
3685 : FF;
3686 : FF;
3687 : FF;
3688 : FF;
3689 : FF;
3690 : FF;
3691 : FF;
3692 : FF;
3693 : FF;
3694 : 73;
3695 : 73;
3696 : 73;
3697 : FF;
3698 : FF;
3699 : FF;
3700 : FF;
3701 : FF;
3702 : FF;
3703 : FF;
3704 : FF;
3705 : FF;
3706 : FF;
3707 : FF;
3708 : FF;
3709 : FF;
3710 : FF;
3711 : FF;
3712 : FF;
3713 : FF;
3714 : FF;
3715 : 5B;
3716 : 5B;
3717 : 5B;
3718 : 5B;
3719 : 5B;
3720 : 5B;
3721 : 5B;
3722 : 5B;
3723 : 5B;
3724 : 5B;
3725 : 5B;
3726 : 5B;
3727 : 5B;
3728 : 5B;
3729 : 5B;
3730 : 5B;
3731 : 5B;
3732 : 5B;
3733 : 5B;
3734 : 5B;
3735 : 5B;
3736 : 5B;
3737 : 5B;
3738 : 5B;
3739 : 5B;
3740 : 5B;
3741 : 5B;
3742 : 5B;
3743 : 5B;
3744 : 5B;
3745 : 5B;
3746 : 5B;
3747 : 5B;
3748 : 5B;
3749 : 5B;
3750 : 5B;
3751 : 5B;
3752 : FF;
3753 : FF;
3754 : FF;
3755 : FF;
3756 : FF;
3757 : FF;
3758 : FF;
3759 : FF;
3760 : FF;
3761 : FF;
3762 : FF;
3763 : FF;
3764 : FF;
3765 : 73;
3766 : 73;
3767 : 73;
3768 : 73;
3769 : 73;
3770 : 73;
3771 : 73;
3772 : FF;
3773 : FF;
3774 : FF;
3775 : FF;
3776 : FF;
3777 : FF;
3778 : FF;
3779 : FF;
3780 : FF;
3781 : FF;
3782 : FF;
3783 : 73;
3784 : 73;
3785 : 73;
3786 : 73;
3787 : FF;
3788 : FF;
3789 : FF;
3790 : FF;
3791 : FF;
3792 : FF;
3793 : FF;
3794 : FF;
3795 : FF;
3796 : FF;
3797 : FF;
3798 : FF;
3799 : 5B;
3800 : 5B;
3801 : 5B;
3802 : 5B;
3803 : 5B;
3804 : 5B;
3805 : 5B;
3806 : FF;
3807 : FF;
3808 : FF;
3809 : FF;
3810 : FF;
3811 : FF;
3812 : FF;
3813 : FF;
3814 : FF;
3815 : FF;
3816 : FF;
3817 : FF;
3818 : FF;
3819 : 73;
3820 : 73;
3821 : 73;
3822 : 73;
3823 : 73;
3824 : FF;
3825 : FF;
3826 : FF;
3827 : FF;
3828 : FF;
3829 : FF;
3830 : FF;
3831 : FF;
3832 : FF;
3833 : FF;
3834 : FF;
3835 : FF;
3836 : FF;
3837 : FF;
3838 : FF;
3839 : 73;
3840 : 73;
3841 : 73;
3842 : FF;
3843 : FF;
3844 : FF;
3845 : FF;
3846 : FF;
3847 : FF;
3848 : FF;
3849 : FF;
3850 : FF;
3851 : FF;
3852 : FF;
3853 : FF;
3854 : FF;
3855 : FF;
3856 : FF;
3857 : FF;
3858 : FF;
3859 : FF;
3860 : FF;
3861 : 5B;
3862 : 5B;
3863 : 5B;
3864 : 5B;
3865 : 5B;
3866 : 5B;
3867 : 5B;
3868 : 5B;
3869 : 5B;
3870 : 5B;
3871 : 5B;
3872 : 5B;
3873 : 5B;
3874 : 5B;
3875 : 5B;
3876 : 5B;
3877 : 5B;
3878 : 5B;
3879 : 5B;
3880 : 5B;
3881 : 5B;
3882 : 5B;
3883 : 5B;
3884 : 5B;
3885 : 5B;
3886 : 5B;
3887 : 5B;
3888 : 5B;
3889 : 5B;
3890 : 5B;
3891 : 5B;
3892 : 5B;
3893 : 5B;
3894 : 5B;
3895 : 5B;
3896 : FF;
3897 : FF;
3898 : FF;
3899 : FF;
3900 : FF;
3901 : FF;
3902 : FF;
3903 : FF;
3904 : FF;
3905 : FF;
3906 : FF;
3907 : FF;
3908 : 73;
3909 : 73;
3910 : 73;
3911 : 73;
3912 : 73;
3913 : 73;
3914 : 73;
3915 : 73;
3916 : FF;
3917 : FF;
3918 : FF;
3919 : FF;
3920 : FF;
3921 : FF;
3922 : FF;
3923 : FF;
3924 : FF;
3925 : FF;
3926 : FF;
3927 : 73;
3928 : 73;
3929 : 73;
3930 : 73;
3931 : FF;
3932 : FF;
3933 : FF;
3934 : FF;
3935 : FF;
3936 : FF;
3937 : FF;
3938 : FF;
3939 : FF;
3940 : FF;
3941 : FF;
3942 : FF;
3943 : FF;
3944 : 5B;
3945 : 5B;
3946 : 5B;
3947 : 5B;
3948 : 5B;
3949 : FF;
3950 : FF;
3951 : FF;
3952 : FF;
3953 : FF;
3954 : FF;
3955 : FF;
3956 : FF;
3957 : FF;
3958 : FF;
3959 : FF;
3960 : FF;
3961 : FF;
3962 : 73;
3963 : 73;
3964 : 73;
3965 : 73;
3966 : 73;
3967 : 73;
3968 : FF;
3969 : FF;
3970 : FF;
3971 : FF;
3972 : FF;
3973 : FF;
3974 : FF;
3975 : FF;
3976 : FF;
3977 : FF;
3978 : FF;
3979 : FF;
3980 : FF;
3981 : FF;
3982 : FF;
3983 : FF;
3984 : 73;
3985 : 73;
3986 : 73;
3987 : FF;
3988 : FF;
3989 : FF;
3990 : FF;
3991 : FF;
3992 : FF;
3993 : FF;
3994 : FF;
3995 : FF;
3996 : FF;
3997 : FF;
3998 : FF;
3999 : FF;
4000 : FF;
4001 : FF;
4002 : FF;
4003 : FF;
4004 : FF;
4005 : FF;
4006 : FF;
4007 : FF;
4008 : FF;
4009 : 5B;
4010 : 5B;
4011 : 5B;
4012 : 5B;
4013 : 5B;
4014 : 5B;
4015 : 5B;
4016 : 5B;
4017 : 5B;
4018 : 5B;
4019 : 5B;
4020 : 5B;
4021 : 5B;
4022 : 5B;
4023 : 5B;
4024 : 5B;
4025 : 5B;
4026 : 5B;
4027 : 5B;
4028 : 5B;
4029 : 5B;
4030 : 5B;
4031 : FF;
4032 : 5B;
4033 : 5B;
4034 : 5B;
4035 : 5B;
4036 : 5B;
4037 : 5B;
4038 : 5B;
4039 : 5B;
4040 : FF;
4041 : FF;
4042 : FF;
4043 : FF;
4044 : FF;
4045 : FF;
4046 : FF;
4047 : FF;
4048 : FF;
4049 : FF;
4050 : FF;
4051 : FF;
4052 : 73;
4053 : 73;
4054 : 73;
4055 : 73;
4056 : 73;
4057 : 73;
4058 : 73;
4059 : 73;
4060 : FF;
4061 : FF;
4062 : FF;
4063 : FF;
4064 : FF;
4065 : FF;
4066 : FF;
4067 : FF;
4068 : FF;
4069 : FF;
4070 : FF;
4071 : 73;
4072 : 73;
4073 : 73;
4074 : 73;
4075 : 73;
4076 : FF;
4077 : FF;
4078 : FF;
4079 : FF;
4080 : FF;
4081 : FF;
4082 : FF;
4083 : FF;
4084 : FF;
4085 : FF;
4086 : FF;
4087 : FF;
4088 : FF;
4089 : 5B;
4090 : 5B;
4091 : 5B;
4092 : 5B;
4093 : FF;
4094 : FF;
4095 : FF;
4096 : FF;
4097 : FF;
4098 : FF;
4099 : FF;
4100 : FF;
4101 : FF;
4102 : FF;
4103 : FF;
4104 : FF;
4105 : FF;
4106 : 73;
4107 : 73;
4108 : 73;
4109 : 73;
4110 : 73;
4111 : 73;
4112 : FF;
4113 : FF;
4114 : FF;
4115 : FF;
4116 : FF;
4117 : FF;
4118 : FF;
4119 : FF;
4120 : FF;
4121 : FF;
4122 : FF;
4123 : FF;
4124 : FF;
4125 : FF;
4126 : FF;
4127 : FF;
4128 : 73;
4129 : 73;
4130 : 73;
4131 : FF;
4132 : FF;
4133 : FF;
4134 : FF;
4135 : FF;
4136 : FF;
4137 : FF;
4138 : FF;
4139 : FF;
4140 : FF;
4141 : FF;
4142 : FF;
4143 : FF;
4144 : FF;
4145 : FF;
4146 : FF;
4147 : FF;
4148 : FF;
4149 : FF;
4150 : FF;
4151 : FF;
4152 : FF;
4153 : FF;
4154 : FF;
4155 : FF;
4156 : 5B;
4157 : 5B;
4158 : 5B;
4159 : 5B;
4160 : 5B;
4161 : 5B;
4162 : 5B;
4163 : 5B;
4164 : 5B;
4165 : 5B;
4166 : 5B;
4167 : 5B;
4168 : 5B;
4169 : 5B;
4170 : 5B;
4171 : 5B;
4172 : FF;
4173 : FF;
4174 : FF;
4175 : FF;
4176 : FF;
4177 : FF;
4178 : 5B;
4179 : 5B;
4180 : 5B;
4181 : 5B;
4182 : 5B;
4183 : 5B;
4184 : FF;
4185 : FF;
4186 : FF;
4187 : FF;
4188 : FF;
4189 : FF;
4190 : FF;
4191 : FF;
4192 : FF;
4193 : FF;
4194 : FF;
4195 : 73;
4196 : 73;
4197 : 73;
4198 : 73;
4199 : 73;
4200 : 73;
4201 : 73;
4202 : 73;
4203 : 73;
4204 : FF;
4205 : FF;
4206 : FF;
4207 : FF;
4208 : FF;
4209 : FF;
4210 : FF;
4211 : FF;
4212 : FF;
4213 : FF;
4214 : FF;
4215 : 73;
4216 : 73;
4217 : 73;
4218 : 73;
4219 : 73;
4220 : FF;
4221 : FF;
4222 : FF;
4223 : FF;
4224 : FF;
4225 : FF;
4226 : FF;
4227 : FF;
4228 : FF;
4229 : FF;
4230 : FF;
4231 : FF;
4232 : FF;
4233 : FF;
4234 : 5B;
4235 : 5B;
4236 : 5B;
4237 : FF;
4238 : FF;
4239 : FF;
4240 : FF;
4241 : FF;
4242 : FF;
4243 : FF;
4244 : FF;
4245 : FF;
4246 : FF;
4247 : FF;
4248 : 73;
4249 : 73;
4250 : 73;
4251 : 73;
4252 : 73;
4253 : 73;
4254 : 73;
4255 : 73;
4256 : 73;
4257 : FF;
4258 : FF;
4259 : FF;
4260 : FF;
4261 : FF;
4262 : FF;
4263 : FF;
4264 : FF;
4265 : FF;
4266 : FF;
4267 : FF;
4268 : FF;
4269 : FF;
4270 : FF;
4271 : FF;
4272 : 73;
4273 : 73;
4274 : 73;
4275 : 73;
4276 : FF;
4277 : FF;
4278 : FF;
4279 : FF;
4280 : FF;
4281 : FF;
4282 : FF;
4283 : FF;
4284 : FF;
4285 : FF;
4286 : FF;
4287 : FF;
4288 : FF;
4289 : FF;
4290 : FF;
4291 : FF;
4292 : FF;
4293 : FF;
4294 : FF;
4295 : FF;
4296 : FF;
4297 : FF;
4298 : FF;
4299 : FF;
4300 : FF;
4301 : FF;
4302 : FF;
4303 : 5B;
4304 : 5B;
4305 : 5B;
4306 : 5B;
4307 : 5B;
4308 : 5B;
4309 : 5B;
4310 : 5B;
4311 : 5B;
4312 : 5B;
4313 : FF;
4314 : FF;
4315 : FF;
4316 : FF;
4317 : FF;
4318 : FF;
4319 : FF;
4320 : FF;
4321 : FF;
4322 : FF;
4323 : FF;
4324 : 5B;
4325 : 5B;
4326 : 5B;
4327 : 5B;
4328 : FF;
4329 : FF;
4330 : FF;
4331 : FF;
4332 : FF;
4333 : FF;
4334 : FF;
4335 : FF;
4336 : FF;
4337 : FF;
4338 : 73;
4339 : 73;
4340 : 73;
4341 : 73;
4342 : 73;
4343 : FF;
4344 : 73;
4345 : 73;
4346 : 73;
4347 : 73;
4348 : FF;
4349 : FF;
4350 : FF;
4351 : FF;
4352 : FF;
4353 : FF;
4354 : FF;
4355 : FF;
4356 : FF;
4357 : FF;
4358 : FF;
4359 : 73;
4360 : 73;
4361 : 73;
4362 : 73;
4363 : 73;
4364 : FF;
4365 : FF;
4366 : FF;
4367 : FF;
4368 : FF;
4369 : FF;
4370 : FF;
4371 : FF;
4372 : FF;
4373 : FF;
4374 : FF;
4375 : FF;
4376 : FF;
4377 : FF;
4378 : FF;
4379 : FF;
4380 : FF;
4381 : FF;
4382 : FF;
4383 : FF;
4384 : FF;
4385 : FF;
4386 : FF;
4387 : FF;
4388 : FF;
4389 : FF;
4390 : FF;
4391 : 73;
4392 : 73;
4393 : 73;
4394 : 73;
4395 : 73;
4396 : 73;
4397 : 73;
4398 : 73;
4399 : 73;
4400 : 73;
4401 : FF;
4402 : FF;
4403 : FF;
4404 : FF;
4405 : FF;
4406 : FF;
4407 : FF;
4408 : FF;
4409 : FF;
4410 : FF;
4411 : FF;
4412 : FF;
4413 : FF;
4414 : FF;
4415 : FF;
4416 : 73;
4417 : 73;
4418 : 73;
4419 : 73;
4420 : FF;
4421 : FF;
4422 : FF;
4423 : FF;
4424 : FF;
4425 : FF;
4426 : FF;
4427 : FF;
4428 : FF;
4429 : FF;
4430 : FF;
4431 : FF;
4432 : FF;
4433 : FF;
4434 : FF;
4435 : FF;
4436 : FF;
4437 : FF;
4438 : FF;
4439 : FF;
4440 : FF;
4441 : FF;
4442 : FF;
4443 : FF;
4444 : FF;
4445 : FF;
4446 : FF;
4447 : FF;
4448 : FF;
4449 : FF;
4450 : 5B;
4451 : FF;
4452 : FF;
4453 : FF;
4454 : FF;
4455 : FF;
4456 : FF;
4457 : FF;
4458 : FF;
4459 : FF;
4460 : FF;
4461 : FF;
4462 : FF;
4463 : FF;
4464 : FF;
4465 : FF;
4466 : FF;
4467 : FF;
4468 : FF;
4469 : FF;
4470 : FF;
4471 : FF;
4472 : FF;
4473 : FF;
4474 : FF;
4475 : FF;
4476 : FF;
4477 : FF;
4478 : FF;
4479 : FF;
4480 : FF;
4481 : FF;
4482 : FF;
4483 : 73;
4484 : 73;
4485 : 73;
4486 : FF;
4487 : FF;
4488 : 73;
4489 : 73;
4490 : 73;
4491 : 73;
4492 : FF;
4493 : FF;
4494 : FF;
4495 : FF;
4496 : FF;
4497 : FF;
4498 : FF;
4499 : FF;
4500 : FF;
4501 : FF;
4502 : FF;
4503 : 73;
4504 : 73;
4505 : 73;
4506 : 73;
4507 : 73;
4508 : FF;
4509 : FF;
4510 : FF;
4511 : FF;
4512 : FF;
4513 : FF;
4514 : FF;
4515 : FF;
4516 : FF;
4517 : FF;
4518 : FF;
4519 : FF;
4520 : FF;
4521 : FF;
4522 : FF;
4523 : FF;
4524 : FF;
4525 : FF;
4526 : FF;
4527 : FF;
4528 : FF;
4529 : FF;
4530 : FF;
4531 : FF;
4532 : FF;
4533 : FF;
4534 : FF;
4535 : 73;
4536 : 73;
4537 : 73;
4538 : 73;
4539 : 73;
4540 : 73;
4541 : 73;
4542 : 73;
4543 : 73;
4544 : 73;
4545 : FF;
4546 : FF;
4547 : FF;
4548 : FF;
4549 : FF;
4550 : FF;
4551 : FF;
4552 : FF;
4553 : FF;
4554 : FF;
4555 : FF;
4556 : FF;
4557 : FF;
4558 : FF;
4559 : FF;
4560 : 73;
4561 : 73;
4562 : 73;
4563 : 73;
4564 : 73;
4565 : FF;
4566 : FF;
4567 : FF;
4568 : FF;
4569 : FF;
4570 : FF;
4571 : FF;
4572 : FF;
4573 : FF;
4574 : FF;
4575 : FF;
4576 : FF;
4577 : FF;
4578 : FF;
4579 : FF;
4580 : FF;
4581 : FF;
4582 : FF;
4583 : FF;
4584 : FF;
4585 : FF;
4586 : FF;
4587 : FF;
4588 : FF;
4589 : FF;
4590 : FF;
4591 : FF;
4592 : FF;
4593 : FF;
4594 : FF;
4595 : FF;
4596 : FF;
4597 : FF;
4598 : FF;
4599 : FF;
4600 : FF;
4601 : FF;
4602 : FF;
4603 : FF;
4604 : FF;
4605 : FF;
4606 : FF;
4607 : FF;
4608 : 5B;
4609 : 5B;
4610 : 5B;
4611 : FF;
4612 : FF;
4613 : FF;
4614 : FF;
4615 : FF;
4616 : FF;
4617 : FF;
4618 : FF;
4619 : FF;
4620 : 73;
4621 : 73;
4622 : 73;
4623 : 73;
4624 : 5B;
4625 : 5B;
4626 : 5B;
4627 : 5B;
4628 : 5B;
4629 : 5B;
4630 : 5B;
4631 : 5B;
4632 : 5B;
4633 : 5B;
4634 : 5B;
4635 : 5B;
4636 : 5B;
4637 : 5B;
4638 : 5B;
4639 : 5B;
4640 : 5B;
4641 : 5B;
4642 : 5B;
4643 : 5B;
4644 : 5B;
4645 : 5B;
4646 : 5B;
4647 : 5B;
4648 : 5B;
4649 : 5B;
4650 : 5B;
4651 : 5B;
4652 : 5B;
4653 : 5B;
4654 : 5B;
4655 : 5B;
4656 : 5B;
4657 : 5B;
4658 : 5B;
4659 : FF;
4660 : FF;
4661 : FF;
4662 : FF;
4663 : FF;
4664 : FF;
4665 : FF;
4666 : FF;
4667 : FF;
4668 : FF;
4669 : FF;
4670 : FF;
4671 : FF;
4672 : FF;
4673 : 73;
4674 : 73;
4675 : FF;
4676 : FF;
4677 : FF;
4678 : FF;
4679 : FF;
4680 : FF;
4681 : FF;
4682 : 5B;
4683 : 5B;
4684 : 5B;
4685 : 5B;
4686 : 5B;
4687 : 5B;
4688 : 5B;
4689 : 5B;
4690 : 5B;
4691 : 5B;
4692 : 5B;
4693 : 5B;
4694 : FF;
4695 : FF;
4696 : FF;
4697 : FF;
4698 : FF;
4699 : FF;
4700 : FF;
4701 : FF;
4702 : FF;
4703 : FF;
4704 : FF;
4705 : FF;
4706 : FF;
4707 : 73;
4708 : 73;
4709 : 73;
4710 : FF;
4711 : FF;
4712 : FF;
4713 : FF;
4714 : FF;
4715 : FF;
4716 : FF;
4717 : FF;
4718 : FF;
4719 : FF;
4720 : FF;
4721 : FF;
4722 : FF;
4723 : FF;
4724 : FF;
4725 : FF;
4726 : FF;
4727 : FF;
4728 : FF;
4729 : FF;
4730 : FF;
4731 : FF;
4732 : FF;
4733 : FF;
4734 : FF;
4735 : FF;
4736 : FF;
4737 : FF;
4738 : FF;
4739 : FF;
4740 : FF;
4741 : FF;
4742 : FF;
4743 : FF;
4744 : FF;
4745 : FF;
4746 : FF;
4747 : FF;
4748 : FF;
4749 : FF;
4750 : FF;
4751 : FF;
4752 : 5B;
4753 : 5B;
4754 : FF;
4755 : FF;
4756 : FF;
4757 : FF;
4758 : FF;
4759 : FF;
4760 : FF;
4761 : FF;
4762 : FF;
4763 : 73;
4764 : 73;
4765 : 73;
4766 : 73;
4767 : FF;
4768 : FF;
4769 : FF;
4770 : FF;
4771 : FF;
4772 : FF;
4773 : FF;
4774 : FF;
4775 : 5B;
4776 : 5B;
4777 : 5B;
4778 : 5B;
4779 : 5B;
4780 : 5B;
4781 : 5B;
4782 : 5B;
4783 : 5B;
4784 : 5B;
4785 : 5B;
4786 : 5B;
4787 : 5B;
4788 : 5B;
4789 : 5B;
4790 : 5B;
4791 : 5B;
4792 : 5B;
4793 : 5B;
4794 : 5B;
4795 : 5B;
4796 : 5B;
4797 : 5B;
4798 : 5B;
4799 : 5B;
4800 : 5B;
4801 : 5B;
4802 : FF;
4803 : FF;
4804 : FF;
4805 : FF;
4806 : FF;
4807 : FF;
4808 : 73;
4809 : 73;
4810 : 73;
4811 : 73;
4812 : FF;
4813 : FF;
4814 : FF;
4815 : FF;
4816 : FF;
4817 : FF;
4818 : 73;
4819 : 73;
4820 : FF;
4821 : FF;
4822 : FF;
4823 : FF;
4824 : FF;
4825 : FF;
4826 : FF;
4827 : 5B;
4828 : 5B;
4829 : 5B;
4830 : 5B;
4831 : 5B;
4832 : 5B;
4833 : 5B;
4834 : 5B;
4835 : 5B;
4836 : 5B;
4837 : FF;
4838 : FF;
4839 : FF;
4840 : FF;
4841 : FF;
4842 : FF;
4843 : FF;
4844 : FF;
4845 : FF;
4846 : FF;
4847 : FF;
4848 : FF;
4849 : FF;
4850 : FF;
4851 : 73;
4852 : 73;
4853 : 73;
4854 : FF;
4855 : FF;
4856 : FF;
4857 : FF;
4858 : FF;
4859 : FF;
4860 : FF;
4861 : FF;
4862 : FF;
4863 : FF;
4864 : FF;
4865 : FF;
4866 : FF;
4867 : FF;
4868 : FF;
4869 : 73;
4870 : FF;
4871 : FF;
4872 : FF;
4873 : FF;
4874 : FF;
4875 : FF;
4876 : FF;
4877 : FF;
4878 : FF;
4879 : FF;
4880 : FF;
4881 : FF;
4882 : FF;
4883 : FF;
4884 : FF;
4885 : FF;
4886 : FF;
4887 : FF;
4888 : FF;
4889 : FF;
4890 : FF;
4891 : FF;
4892 : FF;
4893 : FF;
4894 : FF;
4895 : FF;
4896 : FF;
4897 : FF;
4898 : FF;
4899 : FF;
4900 : FF;
4901 : FF;
4902 : FF;
4903 : FF;
4904 : FF;
4905 : FF;
4906 : FF;
4907 : 73;
4908 : 73;
4909 : 73;
4910 : 73;
4911 : FF;
4912 : FF;
4913 : FF;
4914 : FF;
4915 : FF;
4916 : FF;
4917 : FF;
4918 : FF;
4919 : FF;
4920 : FF;
4921 : FF;
4922 : FF;
4923 : FF;
4924 : FF;
4925 : FF;
4926 : FF;
4927 : FF;
4928 : FF;
4929 : 5B;
4930 : 5B;
4931 : 5B;
4932 : 5B;
4933 : 5B;
4934 : 5B;
4935 : 5B;
4936 : 5B;
4937 : 5B;
4938 : 5B;
4939 : 5B;
4940 : 5B;
4941 : 5B;
4942 : 5B;
4943 : 5B;
4944 : FF;
4945 : FF;
4946 : FF;
4947 : FF;
4948 : FF;
4949 : FF;
4950 : FF;
4951 : 73;
4952 : 73;
4953 : 73;
4954 : 73;
4955 : FF;
4956 : FF;
4957 : FF;
4958 : FF;
4959 : FF;
4960 : FF;
4961 : FF;
4962 : 73;
4963 : 73;
4964 : FF;
4965 : FF;
4966 : FF;
4967 : FF;
4968 : FF;
4969 : FF;
4970 : FF;
4971 : FF;
4972 : 5B;
4973 : 5B;
4974 : 5B;
4975 : 5B;
4976 : 5B;
4977 : 5B;
4978 : 5B;
4979 : 5B;
4980 : FF;
4981 : FF;
4982 : FF;
4983 : FF;
4984 : FF;
4985 : FF;
4986 : FF;
4987 : FF;
4988 : FF;
4989 : FF;
4990 : FF;
4991 : FF;
4992 : 73;
4993 : 73;
4994 : 73;
4995 : 73;
4996 : 73;
4997 : 73;
4998 : 73;
4999 : 73;
5000 : 73;
5001 : 73;
5002 : FF;
5003 : FF;
5004 : FF;
5005 : FF;
5006 : FF;
5007 : FF;
5008 : FF;
5009 : FF;
5010 : FF;
5011 : 73;
5012 : 73;
5013 : 73;
5014 : 73;
5015 : FF;
5016 : FF;
5017 : FF;
5018 : FF;
5019 : FF;
5020 : FF;
5021 : FF;
5022 : FF;
5023 : FF;
5024 : FF;
5025 : FF;
5026 : FF;
5027 : FF;
5028 : FF;
5029 : FF;
5030 : FF;
5031 : FF;
5032 : FF;
5033 : FF;
5034 : FF;
5035 : FF;
5036 : FF;
5037 : FF;
5038 : FF;
5039 : FF;
5040 : FF;
5041 : FF;
5042 : FF;
5043 : FF;
5044 : FF;
5045 : FF;
5046 : FF;
5047 : FF;
5048 : FF;
5049 : FF;
5050 : 73;
5051 : 73;
5052 : 73;
5053 : 73;
5054 : FF;
5055 : FF;
5056 : FF;
5057 : FF;
5058 : FF;
5059 : FF;
5060 : FF;
5061 : FF;
5062 : FF;
5063 : FF;
5064 : FF;
5065 : FF;
5066 : FF;
5067 : FF;
5068 : FF;
5069 : FF;
5070 : FF;
5071 : FF;
5072 : FF;
5073 : FF;
5074 : 5B;
5075 : 5B;
5076 : 5B;
5077 : 5B;
5078 : 5B;
5079 : 5B;
5080 : 5B;
5081 : 5B;
5082 : 5B;
5083 : 5B;
5084 : 5B;
5085 : 5B;
5086 : FF;
5087 : FF;
5088 : FF;
5089 : FF;
5090 : FF;
5091 : FF;
5092 : FF;
5093 : FF;
5094 : FF;
5095 : 73;
5096 : 73;
5097 : 73;
5098 : 73;
5099 : FF;
5100 : FF;
5101 : FF;
5102 : FF;
5103 : FF;
5104 : FF;
5105 : FF;
5106 : 73;
5107 : 73;
5108 : 73;
5109 : FF;
5110 : FF;
5111 : FF;
5112 : FF;
5113 : FF;
5114 : FF;
5115 : FF;
5116 : 5B;
5117 : 5B;
5118 : 5B;
5119 : 5B;
5120 : 5B;
5121 : 5B;
5122 : 5B;
5123 : FF;
5124 : FF;
5125 : FF;
5126 : FF;
5127 : FF;
5128 : FF;
5129 : FF;
5130 : 73;
5131 : 73;
5132 : 73;
5133 : FF;
5134 : FF;
5135 : 73;
5136 : 73;
5137 : 73;
5138 : 73;
5139 : 73;
5140 : 73;
5141 : 73;
5142 : 73;
5143 : 73;
5144 : 73;
5145 : FF;
5146 : FF;
5147 : FF;
5148 : FF;
5149 : FF;
5150 : FF;
5151 : FF;
5152 : FF;
5153 : FF;
5154 : 73;
5155 : 73;
5156 : 73;
5157 : 73;
5158 : 73;
5159 : 73;
5160 : 73;
5161 : 73;
5162 : 73;
5163 : FF;
5164 : FF;
5165 : FF;
5166 : FF;
5167 : FF;
5168 : FF;
5169 : FF;
5170 : FF;
5171 : FF;
5172 : FF;
5173 : FF;
5174 : FF;
5175 : FF;
5176 : FF;
5177 : 73;
5178 : 73;
5179 : FF;
5180 : FF;
5181 : FF;
5182 : FF;
5183 : FF;
5184 : FF;
5185 : FF;
5186 : FF;
5187 : FF;
5188 : FF;
5189 : FF;
5190 : FF;
5191 : FF;
5192 : FF;
5193 : 73;
5194 : 73;
5195 : FF;
5196 : FF;
5197 : FF;
5198 : FF;
5199 : FF;
5200 : FF;
5201 : FF;
5202 : FF;
5203 : FF;
5204 : FF;
5205 : FF;
5206 : FF;
5207 : FF;
5208 : FF;
5209 : FF;
5210 : FF;
5211 : FF;
5212 : FF;
5213 : FF;
5214 : FF;
5215 : FF;
5216 : FF;
5217 : FF;
5218 : FF;
5219 : FF;
5220 : 5B;
5221 : 5B;
5222 : 5B;
5223 : 5B;
5224 : 5B;
5225 : 5B;
5226 : 5B;
5227 : 5B;
5228 : 5B;
5229 : FF;
5230 : FF;
5231 : FF;
5232 : FF;
5233 : FF;
5234 : FF;
5235 : FF;
5236 : FF;
5237 : FF;
5238 : 73;
5239 : 73;
5240 : 73;
5241 : 73;
5242 : FF;
5243 : FF;
5244 : FF;
5245 : FF;
5246 : FF;
5247 : FF;
5248 : FF;
5249 : FF;
5250 : 73;
5251 : 73;
5252 : 73;
5253 : 73;
5254 : FF;
5255 : FF;
5256 : FF;
5257 : FF;
5258 : FF;
5259 : FF;
5260 : FF;
5261 : 5B;
5262 : 5B;
5263 : 5B;
5264 : 5B;
5265 : 5B;
5266 : FF;
5267 : FF;
5268 : FF;
5269 : FF;
5270 : FF;
5271 : FF;
5272 : FF;
5273 : 73;
5274 : 73;
5275 : 73;
5276 : 73;
5277 : FF;
5278 : FF;
5279 : 73;
5280 : 73;
5281 : 73;
5282 : 73;
5283 : 73;
5284 : 73;
5285 : 73;
5286 : 73;
5287 : 73;
5288 : 73;
5289 : FF;
5290 : FF;
5291 : FF;
5292 : FF;
5293 : FF;
5294 : FF;
5295 : FF;
5296 : FF;
5297 : 73;
5298 : 73;
5299 : 73;
5300 : 73;
5301 : 73;
5302 : 73;
5303 : 73;
5304 : 73;
5305 : 73;
5306 : FF;
5307 : FF;
5308 : FF;
5309 : FF;
5310 : FF;
5311 : FF;
5312 : FF;
5313 : FF;
5314 : FF;
5315 : FF;
5316 : FF;
5317 : FF;
5318 : FF;
5319 : FF;
5320 : 73;
5321 : 73;
5322 : 73;
5323 : 73;
5324 : FF;
5325 : FF;
5326 : FF;
5327 : FF;
5328 : FF;
5329 : FF;
5330 : FF;
5331 : FF;
5332 : FF;
5333 : FF;
5334 : FF;
5335 : FF;
5336 : FF;
5337 : 73;
5338 : FF;
5339 : FF;
5340 : FF;
5341 : FF;
5342 : FF;
5343 : FF;
5344 : FF;
5345 : FF;
5346 : FF;
5347 : FF;
5348 : FF;
5349 : FF;
5350 : FF;
5351 : FF;
5352 : FF;
5353 : FF;
5354 : FF;
5355 : FF;
5356 : FF;
5357 : FF;
5358 : FF;
5359 : FF;
5360 : FF;
5361 : FF;
5362 : FF;
5363 : FF;
5364 : FF;
5365 : FF;
5366 : 5B;
5367 : 5B;
5368 : 5B;
5369 : 5B;
5370 : 5B;
5371 : 5B;
5372 : FF;
5373 : FF;
5374 : FF;
5375 : FF;
5376 : FF;
5377 : FF;
5378 : FF;
5379 : FF;
5380 : FF;
5381 : 73;
5382 : 73;
5383 : 73;
5384 : 73;
5385 : FF;
5386 : FF;
5387 : FF;
5388 : FF;
5389 : FF;
5390 : FF;
5391 : FF;
5392 : FF;
5393 : FF;
5394 : 73;
5395 : 73;
5396 : 73;
5397 : 73;
5398 : FF;
5399 : FF;
5400 : FF;
5401 : FF;
5402 : FF;
5403 : FF;
5404 : FF;
5405 : FF;
5406 : 5B;
5407 : 5B;
5408 : 5B;
5409 : FF;
5410 : FF;
5411 : FF;
5412 : FF;
5413 : FF;
5414 : FF;
5415 : FF;
5416 : FF;
5417 : 73;
5418 : 73;
5419 : 73;
5420 : 73;
5421 : 73;
5422 : 73;
5423 : 73;
5424 : 73;
5425 : 73;
5426 : 73;
5427 : 73;
5428 : 73;
5429 : 73;
5430 : 73;
5431 : 73;
5432 : FF;
5433 : FF;
5434 : FF;
5435 : FF;
5436 : FF;
5437 : FF;
5438 : FF;
5439 : FF;
5440 : 73;
5441 : 73;
5442 : 73;
5443 : 73;
5444 : 73;
5445 : 73;
5446 : 73;
5447 : 73;
5448 : 73;
5449 : 73;
5450 : FF;
5451 : FF;
5452 : FF;
5453 : FF;
5454 : FF;
5455 : FF;
5456 : FF;
5457 : FF;
5458 : FF;
5459 : FF;
5460 : FF;
5461 : FF;
5462 : FF;
5463 : 73;
5464 : 73;
5465 : 73;
5466 : 73;
5467 : 73;
5468 : FF;
5469 : FF;
5470 : FF;
5471 : FF;
5472 : FF;
5473 : FF;
5474 : FF;
5475 : FF;
5476 : FF;
5477 : FF;
5478 : FF;
5479 : FF;
5480 : 73;
5481 : FF;
5482 : FF;
5483 : FF;
5484 : FF;
5485 : FF;
5486 : FF;
5487 : FF;
5488 : FF;
5489 : FF;
5490 : FF;
5491 : FF;
5492 : FF;
5493 : FF;
5494 : FF;
5495 : FF;
5496 : FF;
5497 : FF;
5498 : FF;
5499 : FF;
5500 : FF;
5501 : FF;
5502 : FF;
5503 : FF;
5504 : FF;
5505 : FF;
5506 : FF;
5507 : FF;
5508 : FF;
5509 : FF;
5510 : FF;
5511 : FF;
5512 : 5B;
5513 : 5B;
5514 : FF;
5515 : FF;
5516 : FF;
5517 : FF;
5518 : FF;
5519 : FF;
5520 : FF;
5521 : FF;
5522 : FF;
5523 : FF;
5524 : 73;
5525 : 73;
5526 : 73;
5527 : 73;
5528 : 73;
5529 : FF;
5530 : FF;
5531 : FF;
5532 : FF;
5533 : FF;
5534 : FF;
5535 : FF;
5536 : FF;
5537 : FF;
5538 : FF;
5539 : 73;
5540 : 73;
5541 : 73;
5542 : 73;
5543 : FF;
5544 : FF;
5545 : FF;
5546 : FF;
5547 : FF;
5548 : FF;
5549 : FF;
5550 : FF;
5551 : 5B;
5552 : 5B;
5553 : FF;
5554 : FF;
5555 : FF;
5556 : FF;
5557 : FF;
5558 : FF;
5559 : FF;
5560 : 73;
5561 : 73;
5562 : 73;
5563 : 73;
5564 : 73;
5565 : 73;
5566 : 73;
5567 : 73;
5568 : 73;
5569 : 73;
5570 : 73;
5571 : 73;
5572 : 73;
5573 : 73;
5574 : 73;
5575 : FF;
5576 : FF;
5577 : FF;
5578 : FF;
5579 : FF;
5580 : FF;
5581 : FF;
5582 : FF;
5583 : FF;
5584 : 73;
5585 : 73;
5586 : 73;
5587 : 73;
5588 : 73;
5589 : 73;
5590 : 73;
5591 : 73;
5592 : 73;
5593 : FF;
5594 : FF;
5595 : FF;
5596 : FF;
5597 : FF;
5598 : FF;
5599 : FF;
5600 : FF;
5601 : FF;
5602 : FF;
5603 : FF;
5604 : FF;
5605 : FF;
5606 : FF;
5607 : 73;
5608 : 73;
5609 : 73;
5610 : 73;
5611 : FF;
5612 : FF;
5613 : FF;
5614 : FF;
5615 : FF;
5616 : FF;
5617 : FF;
5618 : FF;
5619 : FF;
5620 : FF;
5621 : FF;
5622 : FF;
5623 : FF;
5624 : FF;
5625 : FF;
5626 : FF;
5627 : FF;
5628 : FF;
5629 : FF;
5630 : FF;
5631 : FF;
5632 : FF;
5633 : FF;
5634 : FF;
5635 : FF;
5636 : FF;
5637 : FF;
5638 : FF;
5639 : FF;
5640 : FF;
5641 : FF;
5642 : FF;
5643 : FF;
5644 : FF;
5645 : FF;
5646 : FF;
5647 : FF;
5648 : FF;
5649 : FF;
5650 : FF;
5651 : FF;
5652 : FF;
5653 : FF;
5654 : FF;
5655 : FF;
5656 : 5B;
5657 : FF;
5658 : FF;
5659 : FF;
5660 : FF;
5661 : FF;
5662 : FF;
5663 : FF;
5664 : FF;
5665 : FF;
5666 : FF;
5667 : 73;
5668 : 73;
5669 : 73;
5670 : 73;
5671 : 73;
5672 : FF;
5673 : FF;
5674 : FF;
5675 : FF;
5676 : FF;
5677 : FF;
5678 : FF;
5679 : FF;
5680 : FF;
5681 : FF;
5682 : FF;
5683 : 73;
5684 : 73;
5685 : 73;
5686 : 73;
5687 : FF;
5688 : FF;
5689 : FF;
5690 : FF;
5691 : FF;
5692 : FF;
5693 : FF;
5694 : FF;
5695 : FF;
5696 : FF;
5697 : FF;
5698 : FF;
5699 : FF;
5700 : FF;
5701 : FF;
5702 : FF;
5703 : 73;
5704 : 73;
5705 : 73;
5706 : 73;
5707 : 73;
5708 : 73;
5709 : 73;
5710 : 73;
5711 : 73;
5712 : 73;
5713 : 73;
5714 : 73;
5715 : 73;
5716 : 73;
5717 : 73;
5718 : 73;
5719 : 73;
5720 : FF;
5721 : FF;
5722 : FF;
5723 : FF;
5724 : FF;
5725 : FF;
5726 : FF;
5727 : 73;
5728 : 73;
5729 : 73;
5730 : 73;
5731 : 73;
5732 : 73;
5733 : 73;
5734 : 73;
5735 : 73;
5736 : FF;
5737 : FF;
5738 : FF;
5739 : FF;
5740 : FF;
5741 : FF;
5742 : FF;
5743 : FF;
5744 : FF;
5745 : FF;
5746 : FF;
5747 : FF;
5748 : FF;
5749 : FF;
5750 : 73;
5751 : 73;
5752 : 73;
5753 : 73;
5754 : FF;
5755 : FF;
5756 : FF;
5757 : FF;
5758 : FF;
5759 : FF;
5760 : FF;
5761 : FF;
5762 : 73;
5763 : FF;
5764 : 73;
5765 : FF;
5766 : FF;
5767 : FF;
5768 : 73;
5769 : 73;
5770 : 73;
5771 : 73;
5772 : FF;
5773 : FF;
5774 : FF;
5775 : FF;
5776 : FF;
5777 : FF;
5778 : FF;
5779 : FF;
5780 : FF;
5781 : FF;
5782 : FF;
5783 : 73;
5784 : 73;
5785 : 73;
5786 : 73;
5787 : 73;
5788 : FF;
5789 : FF;
5790 : FF;
5791 : FF;
5792 : FF;
5793 : FF;
5794 : FF;
5795 : FF;
5796 : FF;
5797 : FF;
5798 : 73;
5799 : 73;
5800 : 73;
5801 : 73;
5802 : 73;
5803 : 73;
5804 : 73;
5805 : 73;
5806 : 73;
5807 : 73;
5808 : 73;
5809 : FF;
5810 : FF;
5811 : FF;
5812 : FF;
5813 : FF;
5814 : FF;
5815 : FF;
5816 : FF;
5817 : FF;
5818 : FF;
5819 : FF;
5820 : FF;
5821 : FF;
5822 : FF;
5823 : FF;
5824 : 73;
5825 : 73;
5826 : 73;
5827 : 73;
5828 : 73;
5829 : FF;
5830 : FF;
5831 : FF;
5832 : FF;
5833 : FF;
5834 : FF;
5835 : 73;
5836 : FF;
5837 : FF;
5838 : FF;
5839 : FF;
5840 : FF;
5841 : FF;
5842 : FF;
5843 : FF;
5844 : FF;
5845 : FF;
5846 : FF;
5847 : FF;
5848 : FF;
5849 : FF;
5850 : FF;
5851 : FF;
5852 : FF;
5853 : FF;
5854 : FF;
5855 : FF;
5856 : FF;
5857 : FF;
5858 : FF;
5859 : FF;
5860 : FF;
5861 : 5B;
5862 : 5B;
5863 : 5B;
5864 : 5B;
5865 : 5B;
5866 : 5B;
5867 : 5B;
5868 : 5B;
5869 : 5B;
5870 : 5B;
5871 : 5B;
5872 : 5B;
5873 : 5B;
5874 : 5B;
5875 : 5B;
5876 : 5B;
5877 : 5B;
5878 : 5B;
5879 : 5B;
5880 : FF;
5881 : FF;
5882 : FF;
5883 : FF;
5884 : FF;
5885 : FF;
5886 : FF;
5887 : FF;
5888 : FF;
5889 : FF;
5890 : 73;
5891 : 73;
5892 : 73;
5893 : 73;
5894 : 73;
5895 : FF;
5896 : FF;
5897 : FF;
5898 : FF;
5899 : FF;
5900 : FF;
5901 : FF;
5902 : FF;
5903 : FF;
5904 : FF;
5905 : FF;
5906 : FF;
5907 : FF;
5908 : FF;
5909 : FF;
5910 : FF;
5911 : FF;
5912 : 73;
5913 : 73;
5914 : 73;
5915 : 73;
5916 : FF;
5917 : FF;
5918 : FF;
5919 : FF;
5920 : FF;
5921 : FF;
5922 : FF;
5923 : FF;
5924 : FF;
5925 : FF;
5926 : FF;
5927 : 73;
5928 : 73;
5929 : 73;
5930 : 73;
5931 : 73;
5932 : FF;
5933 : FF;
5934 : FF;
5935 : FF;
5936 : FF;
5937 : FF;
5938 : FF;
5939 : FF;
5940 : FF;
5941 : 73;
5942 : 73;
5943 : 73;
5944 : 73;
5945 : 73;
5946 : 73;
5947 : 73;
5948 : 73;
5949 : 73;
5950 : 73;
5951 : 73;
5952 : 73;
5953 : FF;
5954 : FF;
5955 : FF;
5956 : FF;
5957 : FF;
5958 : FF;
5959 : FF;
5960 : 73;
5961 : FF;
5962 : 73;
5963 : 73;
5964 : FF;
5965 : FF;
5966 : FF;
5967 : FF;
5968 : FF;
5969 : 73;
5970 : 73;
5971 : 73;
5972 : 73;
5973 : FF;
5974 : FF;
5975 : FF;
5976 : FF;
5977 : FF;
5978 : 73;
5979 : 73;
5980 : FF;
5981 : FF;
5982 : FF;
5983 : FF;
5984 : FF;
5985 : FF;
5986 : FF;
5987 : 73;
5988 : 73;
5989 : 73;
5990 : FF;
5991 : FF;
5992 : FF;
5993 : FF;
5994 : FF;
5995 : FF;
5996 : FF;
5997 : FF;
5998 : FF;
5999 : FF;
6000 : FF;
6001 : FF;
6002 : FF;
6003 : FF;
6004 : FF;
6005 : FF;
6006 : 5B;
6007 : 5B;
6008 : 5B;
6009 : 5B;
6010 : 5B;
6011 : 5B;
6012 : 5B;
6013 : 5B;
6014 : 5B;
6015 : 5B;
6016 : 5B;
6017 : 5B;
6018 : 5B;
6019 : 5B;
6020 : 5B;
6021 : 5B;
6022 : 5B;
6023 : FF;
6024 : FF;
6025 : FF;
6026 : FF;
6027 : FF;
6028 : FF;
6029 : FF;
6030 : FF;
6031 : FF;
6032 : FF;
6033 : FF;
6034 : 73;
6035 : 73;
6036 : 73;
6037 : 73;
6038 : FF;
6039 : FF;
6040 : FF;
6041 : FF;
6042 : FF;
6043 : FF;
6044 : FF;
6045 : FF;
6046 : FF;
6047 : FF;
6048 : FF;
6049 : FF;
6050 : FF;
6051 : FF;
6052 : FF;
6053 : FF;
6054 : FF;
6055 : FF;
6056 : 73;
6057 : 73;
6058 : 73;
6059 : FF;
6060 : FF;
6061 : FF;
6062 : FF;
6063 : FF;
6064 : FF;
6065 : FF;
6066 : 73;
6067 : 73;
6068 : FF;
6069 : FF;
6070 : FF;
6071 : FF;
6072 : 73;
6073 : 73;
6074 : 73;
6075 : 73;
6076 : FF;
6077 : FF;
6078 : FF;
6079 : FF;
6080 : FF;
6081 : FF;
6082 : FF;
6083 : FF;
6084 : FF;
6085 : 73;
6086 : 73;
6087 : 73;
6088 : 73;
6089 : 73;
6090 : 73;
6091 : 73;
6092 : 73;
6093 : 73;
6094 : 73;
6095 : 73;
6096 : FF;
6097 : FF;
6098 : FF;
6099 : FF;
6100 : FF;
6101 : FF;
6102 : FF;
6103 : 73;
6104 : 73;
6105 : 73;
6106 : 73;
6107 : FF;
6108 : FF;
6109 : FF;
6110 : FF;
6111 : FF;
6112 : FF;
6113 : 73;
6114 : 73;
6115 : 73;
6116 : 73;
6117 : FF;
6118 : FF;
6119 : FF;
6120 : FF;
6121 : FF;
6122 : 73;
6123 : 73;
6124 : FF;
6125 : FF;
6126 : FF;
6127 : FF;
6128 : FF;
6129 : FF;
6130 : FF;
6131 : FF;
6132 : 73;
6133 : 73;
6134 : 73;
6135 : FF;
6136 : FF;
6137 : FF;
6138 : FF;
6139 : FF;
6140 : FF;
6141 : FF;
6142 : FF;
6143 : FF;
6144 : FF;
6145 : FF;
6146 : FF;
6147 : FF;
6148 : FF;
6149 : FF;
6150 : FF;
6151 : FF;
6152 : FF;
6153 : FF;
6154 : FF;
6155 : FF;
6156 : FF;
6157 : FF;
6158 : 5B;
6159 : 5B;
6160 : 5B;
6161 : 5B;
6162 : 5B;
6163 : 5B;
6164 : 5B;
6165 : 5B;
6166 : FF;
6167 : FF;
6168 : FF;
6169 : FF;
6170 : FF;
6171 : FF;
6172 : FF;
6173 : FF;
6174 : FF;
6175 : FF;
6176 : FF;
6177 : 73;
6178 : 73;
6179 : 73;
6180 : 73;
6181 : 73;
6182 : FF;
6183 : FF;
6184 : FF;
6185 : FF;
6186 : FF;
6187 : FF;
6188 : FF;
6189 : FF;
6190 : FF;
6191 : FF;
6192 : FF;
6193 : FF;
6194 : FF;
6195 : FF;
6196 : FF;
6197 : FF;
6198 : FF;
6199 : 73;
6200 : 73;
6201 : 73;
6202 : 73;
6203 : FF;
6204 : FF;
6205 : FF;
6206 : FF;
6207 : FF;
6208 : FF;
6209 : 73;
6210 : 73;
6211 : FF;
6212 : FF;
6213 : FF;
6214 : FF;
6215 : FF;
6216 : 73;
6217 : 73;
6218 : 73;
6219 : 73;
6220 : FF;
6221 : FF;
6222 : FF;
6223 : FF;
6224 : FF;
6225 : FF;
6226 : FF;
6227 : FF;
6228 : 73;
6229 : 73;
6230 : 73;
6231 : 73;
6232 : 73;
6233 : 73;
6234 : 73;
6235 : 73;
6236 : 73;
6237 : 73;
6238 : 73;
6239 : 73;
6240 : FF;
6241 : FF;
6242 : FF;
6243 : FF;
6244 : 73;
6245 : 73;
6246 : 73;
6247 : 73;
6248 : 73;
6249 : 73;
6250 : 73;
6251 : FF;
6252 : FF;
6253 : FF;
6254 : FF;
6255 : FF;
6256 : FF;
6257 : 73;
6258 : 73;
6259 : 73;
6260 : 73;
6261 : FF;
6262 : FF;
6263 : FF;
6264 : FF;
6265 : 73;
6266 : 73;
6267 : 73;
6268 : FF;
6269 : FF;
6270 : FF;
6271 : FF;
6272 : FF;
6273 : FF;
6274 : FF;
6275 : FF;
6276 : 73;
6277 : 73;
6278 : 73;
6279 : 73;
6280 : 73;
6281 : FF;
6282 : FF;
6283 : FF;
6284 : FF;
6285 : FF;
6286 : FF;
6287 : FF;
6288 : FF;
6289 : FF;
6290 : FF;
6291 : FF;
6292 : FF;
6293 : FF;
6294 : FF;
6295 : FF;
6296 : FF;
6297 : FF;
6298 : FF;
6299 : FF;
6300 : FF;
6301 : FF;
6302 : FF;
6303 : FF;
6304 : 5B;
6305 : 5B;
6306 : 5B;
6307 : 5B;
6308 : 5B;
6309 : FF;
6310 : FF;
6311 : FF;
6312 : FF;
6313 : FF;
6314 : FF;
6315 : FF;
6316 : FF;
6317 : FF;
6318 : FF;
6319 : FF;
6320 : 73;
6321 : 73;
6322 : 73;
6323 : 73;
6324 : 73;
6325 : FF;
6326 : FF;
6327 : FF;
6328 : FF;
6329 : FF;
6330 : FF;
6331 : FF;
6332 : FF;
6333 : FF;
6334 : FF;
6335 : FF;
6336 : FF;
6337 : FF;
6338 : FF;
6339 : FF;
6340 : FF;
6341 : FF;
6342 : FF;
6343 : 73;
6344 : 73;
6345 : FF;
6346 : FF;
6347 : FF;
6348 : FF;
6349 : FF;
6350 : FF;
6351 : FF;
6352 : FF;
6353 : 73;
6354 : 73;
6355 : FF;
6356 : FF;
6357 : FF;
6358 : FF;
6359 : FF;
6360 : FF;
6361 : 73;
6362 : 73;
6363 : 73;
6364 : FF;
6365 : FF;
6366 : FF;
6367 : FF;
6368 : FF;
6369 : FF;
6370 : FF;
6371 : FF;
6372 : 73;
6373 : 73;
6374 : 73;
6375 : 73;
6376 : 73;
6377 : 73;
6378 : 73;
6379 : 73;
6380 : 73;
6381 : 73;
6382 : 73;
6383 : FF;
6384 : FF;
6385 : FF;
6386 : 73;
6387 : 73;
6388 : 73;
6389 : 73;
6390 : 73;
6391 : 73;
6392 : 73;
6393 : 73;
6394 : FF;
6395 : FF;
6396 : FF;
6397 : FF;
6398 : FF;
6399 : FF;
6400 : FF;
6401 : 73;
6402 : 73;
6403 : 73;
6404 : 73;
6405 : FF;
6406 : FF;
6407 : FF;
6408 : 73;
6409 : 73;
6410 : 73;
6411 : 73;
6412 : FF;
6413 : FF;
6414 : FF;
6415 : FF;
6416 : FF;
6417 : FF;
6418 : FF;
6419 : FF;
6420 : FF;
6421 : 73;
6422 : 73;
6423 : 73;
6424 : 73;
6425 : 73;
6426 : 73;
6427 : FF;
6428 : FF;
6429 : FF;
6430 : FF;
6431 : FF;
6432 : FF;
6433 : FF;
6434 : FF;
6435 : FF;
6436 : FF;
6437 : FF;
6438 : FF;
6439 : FF;
6440 : FF;
6441 : FF;
6442 : FF;
6443 : FF;
6444 : FF;
6445 : FF;
6446 : FF;
6447 : FF;
6448 : 5B;
6449 : 5B;
6450 : 5B;
6451 : 5B;
6452 : FF;
6453 : FF;
6454 : FF;
6455 : FF;
6456 : FF;
6457 : FF;
6458 : FF;
6459 : FF;
6460 : FF;
6461 : FF;
6462 : FF;
6463 : FF;
6464 : 73;
6465 : 73;
6466 : 73;
6467 : 73;
6468 : FF;
6469 : FF;
6470 : FF;
6471 : FF;
6472 : FF;
6473 : FF;
6474 : FF;
6475 : FF;
6476 : FF;
6477 : FF;
6478 : FF;
6479 : FF;
6480 : FF;
6481 : FF;
6482 : FF;
6483 : FF;
6484 : FF;
6485 : FF;
6486 : FF;
6487 : FF;
6488 : FF;
6489 : 73;
6490 : 73;
6491 : FF;
6492 : FF;
6493 : FF;
6494 : FF;
6495 : FF;
6496 : 73;
6497 : 73;
6498 : 73;
6499 : FF;
6500 : FF;
6501 : FF;
6502 : FF;
6503 : FF;
6504 : FF;
6505 : FF;
6506 : 73;
6507 : 73;
6508 : FF;
6509 : FF;
6510 : FF;
6511 : FF;
6512 : FF;
6513 : FF;
6514 : FF;
6515 : FF;
6516 : 73;
6517 : 73;
6518 : 73;
6519 : 73;
6520 : 73;
6521 : 73;
6522 : 73;
6523 : 73;
6524 : 73;
6525 : 73;
6526 : FF;
6527 : FF;
6528 : FF;
6529 : 73;
6530 : 73;
6531 : 73;
6532 : 73;
6533 : 73;
6534 : 73;
6535 : 73;
6536 : 73;
6537 : FF;
6538 : FF;
6539 : FF;
6540 : FF;
6541 : FF;
6542 : FF;
6543 : FF;
6544 : FF;
6545 : 73;
6546 : 73;
6547 : 73;
6548 : 73;
6549 : FF;
6550 : FF;
6551 : FF;
6552 : 73;
6553 : 73;
6554 : 73;
6555 : 73;
6556 : FF;
6557 : FF;
6558 : FF;
6559 : FF;
6560 : FF;
6561 : FF;
6562 : FF;
6563 : FF;
6564 : FF;
6565 : FF;
6566 : 73;
6567 : 73;
6568 : 73;
6569 : 73;
6570 : 73;
6571 : 73;
6572 : 73;
6573 : 73;
6574 : FF;
6575 : FF;
6576 : FF;
6577 : FF;
6578 : FF;
6579 : FF;
6580 : FF;
6581 : FF;
6582 : FF;
6583 : FF;
6584 : FF;
6585 : FF;
6586 : FF;
6587 : FF;
6588 : FF;
6589 : FF;
6590 : FF;
6591 : FF;
6592 : 5B;
6593 : 5B;
6594 : 5B;
6595 : FF;
6596 : FF;
6597 : FF;
6598 : FF;
6599 : FF;
6600 : FF;
6601 : FF;
6602 : FF;
6603 : FF;
6604 : FF;
6605 : FF;
6606 : FF;
6607 : 73;
6608 : 73;
6609 : 73;
6610 : 73;
6611 : 73;
6612 : 73;
6613 : 73;
6614 : FF;
6615 : FF;
6616 : FF;
6617 : FF;
6618 : FF;
6619 : FF;
6620 : 73;
6621 : 73;
6622 : 73;
6623 : 73;
6624 : FF;
6625 : FF;
6626 : FF;
6627 : FF;
6628 : FF;
6629 : FF;
6630 : FF;
6631 : FF;
6632 : FF;
6633 : 73;
6634 : 73;
6635 : FF;
6636 : FF;
6637 : FF;
6638 : FF;
6639 : 73;
6640 : 73;
6641 : 73;
6642 : 73;
6643 : FF;
6644 : FF;
6645 : FF;
6646 : FF;
6647 : FF;
6648 : FF;
6649 : FF;
6650 : 73;
6651 : 73;
6652 : 73;
6653 : FF;
6654 : FF;
6655 : FF;
6656 : FF;
6657 : FF;
6658 : FF;
6659 : FF;
6660 : 73;
6661 : 73;
6662 : 73;
6663 : 73;
6664 : 73;
6665 : 73;
6666 : FF;
6667 : 73;
6668 : 73;
6669 : 73;
6670 : FF;
6671 : FF;
6672 : 73;
6673 : 73;
6674 : 73;
6675 : 73;
6676 : 73;
6677 : 73;
6678 : 73;
6679 : 73;
6680 : 73;
6681 : FF;
6682 : FF;
6683 : FF;
6684 : FF;
6685 : FF;
6686 : FF;
6687 : FF;
6688 : FF;
6689 : 73;
6690 : 73;
6691 : 73;
6692 : 73;
6693 : 73;
6694 : FF;
6695 : FF;
6696 : 73;
6697 : 73;
6698 : 73;
6699 : FF;
6700 : FF;
6701 : FF;
6702 : FF;
6703 : FF;
6704 : FF;
6705 : FF;
6706 : FF;
6707 : FF;
6708 : FF;
6709 : FF;
6710 : 73;
6711 : 73;
6712 : 73;
6713 : 73;
6714 : 73;
6715 : 73;
6716 : 73;
6717 : 73;
6718 : 73;
6719 : FF;
6720 : FF;
6721 : FF;
6722 : FF;
6723 : FF;
6724 : FF;
6725 : FF;
6726 : FF;
6727 : FF;
6728 : FF;
6729 : FF;
6730 : FF;
6731 : FF;
6732 : FF;
6733 : FF;
6734 : FF;
6735 : FF;
6736 : 5B;
6737 : 5B;
6738 : FF;
6739 : FF;
6740 : FF;
6741 : FF;
6742 : FF;
6743 : FF;
6744 : FF;
6745 : FF;
6746 : FF;
6747 : FF;
6748 : FF;
6749 : FF;
6750 : FF;
6751 : 73;
6752 : 73;
6753 : 73;
6754 : 73;
6755 : 73;
6756 : 73;
6757 : 73;
6758 : FF;
6759 : FF;
6760 : FF;
6761 : FF;
6762 : FF;
6763 : 73;
6764 : 73;
6765 : 73;
6766 : 73;
6767 : 73;
6768 : FF;
6769 : FF;
6770 : FF;
6771 : FF;
6772 : FF;
6773 : FF;
6774 : FF;
6775 : FF;
6776 : 73;
6777 : FF;
6778 : 73;
6779 : 73;
6780 : 73;
6781 : 73;
6782 : 73;
6783 : 73;
6784 : 73;
6785 : 73;
6786 : 73;
6787 : FF;
6788 : FF;
6789 : FF;
6790 : FF;
6791 : FF;
6792 : FF;
6793 : FF;
6794 : FF;
6795 : 73;
6796 : 73;
6797 : 73;
6798 : FF;
6799 : FF;
6800 : FF;
6801 : FF;
6802 : FF;
6803 : FF;
6804 : 73;
6805 : 73;
6806 : 73;
6807 : 73;
6808 : 73;
6809 : FF;
6810 : 73;
6811 : FF;
6812 : FF;
6813 : 73;
6814 : FF;
6815 : 73;
6816 : 73;
6817 : 73;
6818 : FF;
6819 : 73;
6820 : 73;
6821 : 73;
6822 : 73;
6823 : 73;
6824 : FF;
6825 : FF;
6826 : FF;
6827 : FF;
6828 : FF;
6829 : FF;
6830 : FF;
6831 : FF;
6832 : FF;
6833 : FF;
6834 : 73;
6835 : 73;
6836 : 73;
6837 : 73;
6838 : FF;
6839 : FF;
6840 : 73;
6841 : 73;
6842 : 73;
6843 : FF;
6844 : FF;
6845 : FF;
6846 : FF;
6847 : FF;
6848 : FF;
6849 : FF;
6850 : FF;
6851 : FF;
6852 : FF;
6853 : FF;
6854 : FF;
6855 : 73;
6856 : 73;
6857 : 73;
6858 : 73;
6859 : 73;
6860 : 73;
6861 : 73;
6862 : 73;
6863 : FF;
6864 : FF;
6865 : FF;
6866 : FF;
6867 : FF;
6868 : FF;
6869 : FF;
6870 : FF;
6871 : FF;
6872 : FF;
6873 : FF;
6874 : FF;
6875 : FF;
6876 : FF;
6877 : FF;
6878 : FF;
6879 : FF;
6880 : 5B;
6881 : FF;
6882 : FF;
6883 : FF;
6884 : FF;
6885 : FF;
6886 : FF;
6887 : FF;
6888 : FF;
6889 : FF;
6890 : FF;
6891 : FF;
6892 : FF;
6893 : FF;
6894 : FF;
6895 : 73;
6896 : 73;
6897 : 73;
6898 : FF;
6899 : 73;
6900 : 73;
6901 : 73;
6902 : FF;
6903 : FF;
6904 : FF;
6905 : 73;
6906 : 73;
6907 : 73;
6908 : 73;
6909 : 73;
6910 : 73;
6911 : 73;
6912 : FF;
6913 : FF;
6914 : FF;
6915 : 73;
6916 : 73;
6917 : 73;
6918 : 73;
6919 : 73;
6920 : FF;
6921 : FF;
6922 : FF;
6923 : FF;
6924 : FF;
6925 : FF;
6926 : FF;
6927 : FF;
6928 : FF;
6929 : FF;
6930 : FF;
6931 : FF;
6932 : FF;
6933 : FF;
6934 : FF;
6935 : 73;
6936 : 73;
6937 : 73;
6938 : 73;
6939 : 73;
6940 : 73;
6941 : 73;
6942 : 73;
6943 : 73;
6944 : FF;
6945 : FF;
6946 : 73;
6947 : 73;
6948 : FF;
6949 : FF;
6950 : 73;
6951 : 73;
6952 : 73;
6953 : 73;
6954 : 73;
6955 : 73;
6956 : 73;
6957 : 73;
6958 : 73;
6959 : 73;
6960 : FF;
6961 : FF;
6962 : FF;
6963 : FF;
6964 : FF;
6965 : FF;
6966 : FF;
6967 : 73;
6968 : FF;
6969 : 73;
6970 : FF;
6971 : FF;
6972 : FF;
6973 : FF;
6974 : 73;
6975 : FF;
6976 : FF;
6977 : FF;
6978 : FF;
6979 : FF;
6980 : FF;
6981 : FF;
6982 : FF;
6983 : 73;
6984 : FF;
6985 : FF;
6986 : 73;
6987 : 73;
6988 : 73;
6989 : 73;
6990 : 73;
6991 : 73;
6992 : 73;
6993 : 73;
6994 : 73;
6995 : FF;
6996 : FF;
6997 : FF;
6998 : FF;
6999 : FF;
7000 : FF;
7001 : FF;
7002 : FF;
7003 : 73;
7004 : 73;
7005 : 73;
7006 : FF;
7007 : FF;
7008 : FF;
7009 : FF;
7010 : FF;
7011 : FF;
7012 : FF;
7013 : FF;
7014 : FF;
7015 : FF;
7016 : FF;
7017 : FF;
7018 : FF;
7019 : FF;
7020 : FF;
7021 : 73;
7022 : 73;
7023 : 73;
7024 : FF;
7025 : FF;
7026 : FF;
7027 : FF;
7028 : 73;
7029 : FF;
7030 : 73;
7031 : 73;
7032 : 73;
7033 : FF;
7034 : 73;
7035 : 73;
7036 : 73;
7037 : 73;
7038 : 73;
7039 : FF;
7040 : FF;
7041 : FF;
7042 : FF;
7043 : FF;
7044 : FF;
7045 : FF;
7046 : FF;
7047 : FF;
7048 : FF;
7049 : FF;
7050 : 73;
7051 : 73;
7052 : 73;
7053 : 73;
7054 : FF;
7055 : FF;
7056 : FF;
7057 : FF;
7058 : 73;
7059 : 73;
7060 : 73;
7061 : 73;
7062 : 73;
7063 : 73;
7064 : 73;
7065 : FF;
7066 : FF;
7067 : FF;
7068 : FF;
7069 : FF;
7070 : FF;
7071 : FF;
7072 : FF;
7073 : FF;
7074 : FF;
7075 : FF;
7076 : FF;
7077 : FF;
7078 : 73;
7079 : 73;
7080 : 73;
7081 : 73;
7082 : 73;
7083 : 73;
7084 : 73;
7085 : 73;
7086 : 73;
7087 : 73;
7088 : FF;
7089 : 73;
7090 : 73;
7091 : 73;
7092 : 73;
7093 : FF;
7094 : 73;
7095 : 73;
7096 : 73;
7097 : 73;
7098 : 73;
7099 : 73;
7100 : 73;
7101 : 73;
7102 : 73;
7103 : FF;
7104 : FF;
7105 : FF;
7106 : FF;
7107 : FF;
7108 : FF;
7109 : FF;
7110 : 73;
7111 : FF;
7112 : FF;
7113 : FF;
7114 : FF;
7115 : FF;
7116 : FF;
7117 : FF;
7118 : FF;
7119 : FF;
7120 : FF;
7121 : FF;
7122 : FF;
7123 : FF;
7124 : FF;
7125 : FF;
7126 : FF;
7127 : 73;
7128 : FF;
7129 : FF;
7130 : 73;
7131 : 73;
7132 : 73;
7133 : 73;
7134 : 73;
7135 : 73;
7136 : 73;
7137 : 73;
7138 : 73;
7139 : FF;
7140 : FF;
7141 : FF;
7142 : FF;
7143 : FF;
7144 : FF;
7145 : FF;
7146 : FF;
7147 : FF;
7148 : 73;
7149 : 73;
7150 : 73;
7151 : FF;
7152 : FF;
7153 : FF;
7154 : FF;
7155 : FF;
7156 : FF;
7157 : FF;
7158 : FF;
7159 : FF;
7160 : FF;
7161 : FF;
7162 : FF;
7163 : FF;
7164 : FF;
7165 : 73;
7166 : 73;
7167 : 73;
7168 : FF;
7169 : FF;
7170 : FF;
7171 : FF;
7172 : FF;
7173 : 73;
7174 : 73;
7175 : 73;
7176 : 73;
7177 : FF;
7178 : 73;
7179 : 73;
7180 : 73;
7181 : 73;
7182 : FF;
7183 : FF;
7184 : FF;
7185 : FF;
7186 : FF;
7187 : FF;
7188 : FF;
7189 : FF;
7190 : FF;
7191 : FF;
7192 : FF;
7193 : FF;
7194 : FF;
7195 : 73;
7196 : 73;
7197 : 73;
7198 : FF;
7199 : FF;
7200 : FF;
7201 : FF;
7202 : 73;
7203 : 73;
7204 : 73;
7205 : 73;
7206 : 73;
7207 : 73;
7208 : 73;
7209 : 73;
7210 : FF;
7211 : FF;
7212 : FF;
7213 : FF;
7214 : FF;
7215 : FF;
7216 : FF;
7217 : FF;
7218 : FF;
7219 : FF;
7220 : FF;
7221 : FF;
7222 : 73;
7223 : 73;
7224 : 73;
7225 : 73;
7226 : 73;
7227 : 73;
7228 : 73;
7229 : 73;
7230 : 73;
7231 : 73;
7232 : 73;
7233 : 73;
7234 : 73;
7235 : 73;
7236 : 73;
7237 : 73;
7238 : 73;
7239 : 73;
7240 : 73;
7241 : FF;
7242 : FF;
7243 : FF;
7244 : FF;
7245 : FF;
7246 : FF;
7247 : FF;
7248 : FF;
7249 : FF;
7250 : FF;
7251 : FF;
7252 : FF;
7253 : FF;
7254 : 73;
7255 : FF;
7256 : FF;
7257 : FF;
7258 : FF;
7259 : FF;
7260 : FF;
7261 : FF;
7262 : FF;
7263 : FF;
7264 : FF;
7265 : FF;
7266 : FF;
7267 : FF;
7268 : FF;
7269 : FF;
7270 : 73;
7271 : FF;
7272 : FF;
7273 : FF;
7274 : 73;
7275 : 73;
7276 : 73;
7277 : 73;
7278 : 73;
7279 : 73;
7280 : 73;
7281 : 73;
7282 : 73;
7283 : FF;
7284 : FF;
7285 : FF;
7286 : FF;
7287 : FF;
7288 : FF;
7289 : FF;
7290 : FF;
7291 : FF;
7292 : 73;
7293 : 73;
7294 : 73;
7295 : FF;
7296 : FF;
7297 : FF;
7298 : FF;
7299 : FF;
7300 : FF;
7301 : FF;
7302 : FF;
7303 : FF;
7304 : FF;
7305 : FF;
7306 : FF;
7307 : FF;
7308 : FF;
7309 : 73;
7310 : 73;
7311 : FF;
7312 : FF;
7313 : FF;
7314 : FF;
7315 : 73;
7316 : FF;
7317 : 73;
7318 : 73;
7319 : 73;
7320 : FF;
7321 : 73;
7322 : 73;
7323 : 73;
7324 : 73;
7325 : FF;
7326 : FF;
7327 : FF;
7328 : FF;
7329 : FF;
7330 : FF;
7331 : FF;
7332 : FF;
7333 : FF;
7334 : FF;
7335 : FF;
7336 : FF;
7337 : FF;
7338 : FF;
7339 : FF;
7340 : 73;
7341 : 73;
7342 : 73;
7343 : FF;
7344 : FF;
7345 : 73;
7346 : 73;
7347 : 73;
7348 : 73;
7349 : 73;
7350 : 73;
7351 : 73;
7352 : 73;
7353 : 73;
7354 : FF;
7355 : FF;
7356 : FF;
7357 : FF;
7358 : FF;
7359 : FF;
7360 : FF;
7361 : FF;
7362 : FF;
7363 : FF;
7364 : FF;
7365 : FF;
7366 : 73;
7367 : 73;
7368 : 73;
7369 : 73;
7370 : 73;
7371 : 73;
7372 : 73;
7373 : 73;
7374 : 73;
7375 : 73;
7376 : 73;
7377 : 73;
7378 : 73;
7379 : 73;
7380 : 73;
7381 : 73;
7382 : 73;
7383 : 73;
7384 : FF;
7385 : FF;
7386 : FF;
7387 : FF;
7388 : FF;
7389 : FF;
7390 : FF;
7391 : FF;
7392 : FF;
7393 : FF;
7394 : FF;
7395 : FF;
7396 : FF;
7397 : 73;
7398 : FF;
7399 : FF;
7400 : FF;
7401 : FF;
7402 : FF;
7403 : FF;
7404 : FF;
7405 : FF;
7406 : FF;
7407 : FF;
7408 : FF;
7409 : FF;
7410 : FF;
7411 : FF;
7412 : FF;
7413 : 73;
7414 : FF;
7415 : FF;
7416 : FF;
7417 : 73;
7418 : 73;
7419 : 73;
7420 : 73;
7421 : 73;
7422 : 73;
7423 : 73;
7424 : 73;
7425 : 73;
7426 : FF;
7427 : FF;
7428 : FF;
7429 : FF;
7430 : FF;
7431 : FF;
7432 : FF;
7433 : FF;
7434 : FF;
7435 : FF;
7436 : 73;
7437 : 73;
7438 : 73;
7439 : FF;
7440 : FF;
7441 : FF;
7442 : FF;
7443 : FF;
7444 : FF;
7445 : FF;
7446 : FF;
7447 : FF;
7448 : FF;
7449 : FF;
7450 : FF;
7451 : FF;
7452 : FF;
7453 : FF;
7454 : FF;
7455 : FF;
7456 : FF;
7457 : FF;
7458 : 73;
7459 : FF;
7460 : 73;
7461 : 73;
7462 : 73;
7463 : FF;
7464 : 73;
7465 : 73;
7466 : 73;
7467 : 73;
7468 : FF;
7469 : FF;
7470 : FF;
7471 : FF;
7472 : FF;
7473 : FF;
7474 : 73;
7475 : 73;
7476 : FF;
7477 : FF;
7478 : FF;
7479 : FF;
7480 : FF;
7481 : FF;
7482 : FF;
7483 : FF;
7484 : 73;
7485 : 73;
7486 : FF;
7487 : FF;
7488 : 73;
7489 : 73;
7490 : 73;
7491 : 73;
7492 : 73;
7493 : 73;
7494 : 73;
7495 : 73;
7496 : 73;
7497 : 73;
7498 : 73;
7499 : FF;
7500 : FF;
7501 : FF;
7502 : FF;
7503 : FF;
7504 : FF;
7505 : FF;
7506 : FF;
7507 : FF;
7508 : FF;
7509 : FF;
7510 : 73;
7511 : 73;
7512 : 73;
7513 : 73;
7514 : 73;
7515 : 73;
7516 : 73;
7517 : 73;
7518 : 73;
7519 : 73;
7520 : FF;
7521 : 73;
7522 : 73;
7523 : 73;
7524 : 73;
7525 : 73;
7526 : 73;
7527 : FF;
7528 : FF;
7529 : FF;
7530 : FF;
7531 : FF;
7532 : FF;
7533 : FF;
7534 : FF;
7535 : FF;
7536 : FF;
7537 : FF;
7538 : FF;
7539 : FF;
7540 : 73;
7541 : FF;
7542 : FF;
7543 : FF;
7544 : FF;
7545 : FF;
7546 : FF;
7547 : FF;
7548 : FF;
7549 : FF;
7550 : FF;
7551 : FF;
7552 : 73;
7553 : FF;
7554 : FF;
7555 : FF;
7556 : FF;
7557 : 73;
7558 : FF;
7559 : FF;
7560 : FF;
7561 : 73;
7562 : 73;
7563 : 73;
7564 : 73;
7565 : 73;
7566 : 73;
7567 : 73;
7568 : 73;
7569 : 73;
7570 : FF;
7571 : FF;
7572 : FF;
7573 : FF;
7574 : FF;
7575 : FF;
7576 : FF;
7577 : FF;
7578 : FF;
7579 : FF;
7580 : FF;
7581 : 73;
7582 : 73;
7583 : 73;
7584 : FF;
7585 : FF;
7586 : FF;
7587 : FF;
7588 : FF;
7589 : FF;
7590 : FF;
7591 : FF;
7592 : FF;
7593 : FF;
7594 : FF;
7595 : FF;
7596 : FF;
7597 : FF;
7598 : FF;
7599 : FF;
7600 : FF;
7601 : FF;
7602 : FF;
7603 : 73;
7604 : 73;
7605 : 73;
7606 : 73;
7607 : FF;
7608 : 73;
7609 : 73;
7610 : FF;
7611 : FF;
7612 : FF;
7613 : FF;
7614 : FF;
7615 : FF;
7616 : FF;
7617 : 73;
7618 : 73;
7619 : 73;
7620 : FF;
7621 : FF;
7622 : FF;
7623 : FF;
7624 : FF;
7625 : FF;
7626 : FF;
7627 : FF;
7628 : FF;
7629 : FF;
7630 : FF;
7631 : FF;
7632 : 73;
7633 : 73;
7634 : 73;
7635 : 73;
7636 : 73;
7637 : 73;
7638 : 73;
7639 : 73;
7640 : 73;
7641 : 73;
7642 : 73;
7643 : 73;
7644 : 73;
7645 : FF;
7646 : FF;
7647 : FF;
7648 : FF;
7649 : FF;
7650 : FF;
7651 : FF;
7652 : FF;
7653 : FF;
7654 : FF;
7655 : 73;
7656 : 73;
7657 : 73;
7658 : 73;
7659 : 73;
7660 : 73;
7661 : 73;
7662 : 73;
7663 : 73;
7664 : FF;
7665 : 73;
7666 : 73;
7667 : 73;
7668 : 73;
7669 : 73;
7670 : 73;
7671 : FF;
7672 : FF;
7673 : FF;
7674 : FF;
7675 : FF;
7676 : FF;
7677 : FF;
7678 : FF;
7679 : FF;
7680 : FF;
7681 : FF;
7682 : FF;
7683 : FF;
7684 : 73;
7685 : FF;
7686 : FF;
7687 : FF;
7688 : FF;
7689 : FF;
7690 : FF;
7691 : FF;
7692 : FF;
7693 : FF;
7694 : FF;
7695 : FF;
7696 : FF;
7697 : FF;
7698 : FF;
7699 : FF;
7700 : 73;
7701 : FF;
7702 : FF;
7703 : FF;
7704 : 73;
7705 : 73;
7706 : 73;
7707 : 73;
7708 : 73;
7709 : 73;
7710 : 73;
7711 : 73;
7712 : 73;
7713 : 73;
7714 : FF;
7715 : FF;
7716 : FF;
7717 : FF;
7718 : FF;
7719 : FF;
7720 : FF;
7721 : FF;
7722 : FF;
7723 : FF;
7724 : FF;
7725 : 73;
7726 : 73;
7727 : 73;
7728 : FF;
7729 : FF;
7730 : FF;
7731 : FF;
7732 : FF;
7733 : FF;
7734 : FF;
7735 : FF;
7736 : FF;
7737 : FF;
7738 : FF;
7739 : FF;
7740 : FF;
7741 : FF;
7742 : FF;
7743 : FF;
7744 : FF;
7745 : FF;
7746 : FF;
7747 : 73;
7748 : 73;
7749 : 73;
7750 : FF;
7751 : 73;
7752 : 73;
7753 : FF;
7754 : FF;
7755 : FF;
7756 : FF;
7757 : FF;
7758 : FF;
7759 : FF;
7760 : FF;
7761 : 73;
7762 : 73;
7763 : 73;
7764 : 73;
7765 : FF;
7766 : FF;
7767 : FF;
7768 : FF;
7769 : FF;
7770 : FF;
7771 : FF;
7772 : FF;
7773 : FF;
7774 : FF;
7775 : FF;
7776 : 73;
7777 : 73;
7778 : 73;
7779 : 73;
7780 : 73;
7781 : 73;
7782 : 73;
7783 : 73;
7784 : 73;
7785 : 73;
7786 : 73;
7787 : 73;
7788 : 73;
7789 : 73;
7790 : FF;
7791 : FF;
7792 : FF;
7793 : FF;
7794 : FF;
7795 : FF;
7796 : FF;
7797 : FF;
7798 : FF;
7799 : 73;
7800 : 73;
7801 : 73;
7802 : 73;
7803 : 73;
7804 : 73;
7805 : 73;
7806 : 73;
7807 : 73;
7808 : 73;
7809 : 73;
7810 : 73;
7811 : 73;
7812 : 73;
7813 : 73;
7814 : 73;
7815 : 73;
7816 : FF;
7817 : FF;
7818 : FF;
7819 : FF;
7820 : FF;
7821 : FF;
7822 : FF;
7823 : FF;
7824 : FF;
7825 : FF;
7826 : FF;
7827 : FF;
7828 : FF;
7829 : FF;
7830 : FF;
7831 : FF;
7832 : FF;
7833 : FF;
7834 : FF;
7835 : FF;
7836 : FF;
7837 : FF;
7838 : FF;
7839 : FF;
7840 : FF;
7841 : FF;
7842 : FF;
7843 : 73;
7844 : FF;
7845 : FF;
7846 : FF;
7847 : 73;
7848 : 73;
7849 : 73;
7850 : 73;
7851 : 73;
7852 : 73;
7853 : 73;
7854 : 73;
7855 : 73;
7856 : 73;
7857 : FF;
7858 : FF;
7859 : FF;
7860 : FF;
7861 : FF;
7862 : FF;
7863 : FF;
7864 : FF;
7865 : FF;
7866 : FF;
7867 : FF;
7868 : 73;
7869 : 73;
7870 : 73;
7871 : 73;
7872 : 73;
7873 : FF;
7874 : FF;
7875 : FF;
7876 : FF;
7877 : FF;
7878 : FF;
7879 : FF;
7880 : FF;
7881 : FF;
7882 : FF;
7883 : FF;
7884 : FF;
7885 : FF;
7886 : FF;
7887 : FF;
7888 : FF;
7889 : FF;
7890 : FF;
7891 : 73;
7892 : 73;
7893 : 73;
7894 : 73;
7895 : 73;
7896 : 73;
7897 : FF;
7898 : FF;
7899 : FF;
7900 : FF;
7901 : FF;
7902 : FF;
7903 : FF;
7904 : 73;
7905 : 73;
7906 : 73;
7907 : 73;
7908 : 73;
7909 : 73;
7910 : FF;
7911 : FF;
7912 : FF;
7913 : FF;
7914 : FF;
7915 : FF;
7916 : FF;
7917 : FF;
7918 : FF;
7919 : FF;
7920 : 73;
7921 : 73;
7922 : 73;
7923 : 73;
7924 : 73;
7925 : 73;
7926 : 73;
7927 : 73;
7928 : 73;
7929 : 73;
7930 : 73;
7931 : 73;
7932 : 73;
7933 : 73;
7934 : FF;
7935 : FF;
7936 : FF;
7937 : FF;
7938 : FF;
7939 : FF;
7940 : FF;
7941 : FF;
7942 : FF;
7943 : FF;
7944 : 73;
7945 : 73;
7946 : 73;
7947 : 73;
7948 : 73;
7949 : 73;
7950 : 73;
7951 : 73;
7952 : 73;
7953 : 73;
7954 : 73;
7955 : 73;
7956 : 73;
7957 : 73;
7958 : 73;
7959 : FF;
7960 : FF;
7961 : FF;
7962 : FF;
7963 : FF;
7964 : FF;
7965 : FF;
7966 : FF;
7967 : FF;
7968 : FF;
7969 : FF;
7970 : FF;
7971 : FF;
7972 : FF;
7973 : FF;
7974 : FF;
7975 : FF;
7976 : 73;
7977 : FF;
7978 : FF;
7979 : FF;
7980 : FF;
7981 : FF;
7982 : FF;
7983 : FF;
7984 : FF;
7985 : FF;
7986 : 73;
7987 : 73;
7988 : FF;
7989 : FF;
7990 : FF;
7991 : 73;
7992 : 73;
7993 : 73;
7994 : 73;
7995 : 73;
7996 : 73;
7997 : 73;
7998 : 73;
7999 : 73;
8000 : 73;
8001 : FF;
8002 : FF;
8003 : FF;
8004 : FF;
8005 : FF;
8006 : FF;
8007 : FF;
8008 : FF;
8009 : FF;
8010 : FF;
8011 : FF;
8012 : 73;
8013 : 73;
8014 : 73;
8015 : 73;
8016 : 73;
8017 : FF;
8018 : FF;
8019 : FF;
8020 : FF;
8021 : FF;
8022 : FF;
8023 : FF;
8024 : FF;
8025 : FF;
8026 : FF;
8027 : FF;
8028 : FF;
8029 : FF;
8030 : FF;
8031 : FF;
8032 : FF;
8033 : FF;
8034 : FF;
8035 : 73;
8036 : 73;
8037 : 73;
8038 : 73;
8039 : 73;
8040 : 73;
8041 : FF;
8042 : FF;
8043 : FF;
8044 : FF;
8045 : FF;
8046 : FF;
8047 : 73;
8048 : 73;
8049 : 73;
8050 : 73;
8051 : 73;
8052 : 73;
8053 : 73;
8054 : FF;
8055 : FF;
8056 : FF;
8057 : FF;
8058 : FF;
8059 : FF;
8060 : FF;
8061 : FF;
8062 : FF;
8063 : 73;
8064 : FF;
8065 : FF;
8066 : FF;
8067 : FF;
8068 : FF;
8069 : FF;
8070 : FF;
8071 : FF;
8072 : FF;
8073 : FF;
8074 : FF;
8075 : FF;
8076 : FF;
8077 : FF;
8078 : FF;
8079 : FF;
8080 : FF;
8081 : FF;
8082 : FF;
8083 : FF;
8084 : FF;
8085 : FF;
8086 : FF;
8087 : 73;
8088 : 73;
8089 : 73;
8090 : FF;
8091 : FF;
8092 : FF;
8093 : FF;
8094 : FF;
8095 : FF;
8096 : FF;
8097 : 73;
8098 : 73;
8099 : 73;
8100 : 73;
8101 : 73;
8102 : 73;
8103 : 73;
8104 : FF;
8105 : FF;
8106 : FF;
8107 : FF;
8108 : FF;
8109 : FF;
8110 : FF;
8111 : FF;
8112 : FF;
8113 : FF;
8114 : FF;
8115 : FF;
8116 : FF;
8117 : FF;
8118 : FF;
8119 : FF;
8120 : FF;
8121 : FF;
8122 : 73;
8123 : 73;
8124 : FF;
8125 : FF;
8126 : FF;
8127 : FF;
8128 : FF;
8129 : FF;
8130 : FF;
8131 : FF;
8132 : FF;
8133 : FF;
8134 : FF;
8135 : FF;
8136 : FF;
8137 : FF;
8138 : FF;
8139 : FF;
8140 : FF;
8141 : FF;
8142 : FF;
8143 : FF;
8144 : 73;
8145 : 73;
8146 : 73;
8147 : 73;
8148 : 73;
8149 : 73;
8150 : FF;
8151 : FF;
8152 : 73;
8153 : 73;
8154 : 73;
8155 : 73;
8156 : 73;
8157 : 73;
8158 : 73;
8159 : 73;
8160 : 73;
8161 : 73;
8162 : 73;
8163 : 73;
8164 : 73;
8165 : 73;
8166 : 73;
8167 : 73;
8168 : 73;
8169 : 73;
8170 : 73;
8171 : 73;
8172 : 73;
8173 : 73;
8174 : 73;
8175 : FF;
8176 : FF;
8177 : FF;
8178 : FF;
8179 : FF;
8180 : FF;
8181 : FF;
8182 : FF;
8183 : FF;
8184 : 73;
8185 : 73;
8186 : 73;
8187 : 73;
8188 : 73;
8189 : 73;
8190 : 73;
8191 : 73;
8192 : 73;
8193 : 73;
8194 : 73;
8195 : 73;
8196 : 73;
8197 : 73;
8198 : 73;
8199 : 73;
8200 : 73;
8201 : 73;
8202 : 73;
8203 : 73;
8204 : 73;
8205 : 73;
8206 : FF;
8207 : FF;
8208 : FF;
8209 : FF;
8210 : FF;
8211 : FF;
8212 : FF;
8213 : FF;
8214 : FF;
8215 : FF;
8216 : FF;
8217 : FF;
8218 : FF;
8219 : FF;
8220 : FF;
8221 : FF;
8222 : FF;
8223 : FF;
8224 : FF;
8225 : FF;
8226 : FF;
8227 : 73;
8228 : FF;
8229 : FF;
8230 : 73;
8231 : 73;
8232 : 73;
8233 : 73;
8234 : FF;
8235 : FF;
8236 : FF;
8237 : FF;
8238 : FF;
8239 : FF;
8240 : FF;
8241 : FF;
8242 : 73;
8243 : 73;
8244 : 73;
8245 : 73;
8246 : 73;
8247 : 73;
8248 : 73;
8249 : FF;
8250 : FF;
8251 : FF;
8252 : FF;
8253 : FF;
8254 : FF;
8255 : FF;
8256 : FF;
8257 : FF;
8258 : FF;
8259 : FF;
8260 : FF;
8261 : FF;
8262 : FF;
8263 : FF;
8264 : FF;
8265 : FF;
8266 : FF;
8267 : 73;
8268 : 73;
8269 : 73;
8270 : FF;
8271 : FF;
8272 : FF;
8273 : FF;
8274 : FF;
8275 : FF;
8276 : FF;
8277 : FF;
8278 : FF;
8279 : FF;
8280 : FF;
8281 : FF;
8282 : FF;
8283 : FF;
8284 : FF;
8285 : FF;
8286 : FF;
8287 : 73;
8288 : 73;
8289 : 73;
8290 : 73;
8291 : 73;
8292 : 73;
8293 : 73;
8294 : 73;
8295 : 73;
8296 : 73;
8297 : 73;
8298 : 73;
8299 : 73;
8300 : 73;
8301 : 73;
8302 : 73;
8303 : 73;
8304 : 73;
8305 : 73;
8306 : 73;
8307 : 73;
8308 : 73;
8309 : 73;
8310 : 73;
8311 : 73;
8312 : 73;
8313 : 73;
8314 : 73;
8315 : 73;
8316 : 73;
8317 : 73;
8318 : 73;
8319 : FF;
8320 : FF;
8321 : FF;
8322 : FF;
8323 : FF;
8324 : FF;
8325 : FF;
8326 : FF;
8327 : FF;
8328 : FF;
8329 : 73;
8330 : 73;
8331 : 73;
8332 : 73;
8333 : 73;
8334 : 73;
8335 : 73;
8336 : 73;
8337 : 73;
8338 : 73;
8339 : 73;
8340 : 73;
8341 : 73;
8342 : 73;
8343 : 73;
8344 : 73;
8345 : 73;
8346 : 73;
8347 : 73;
8348 : 73;
8349 : FF;
8350 : FF;
8351 : FF;
8352 : FF;
8353 : FF;
8354 : FF;
8355 : FF;
8356 : FF;
8357 : FF;
8358 : FF;
8359 : FF;
8360 : FF;
8361 : FF;
8362 : FF;
8363 : FF;
8364 : FF;
8365 : FF;
8366 : FF;
8367 : FF;
8368 : FF;
8369 : FF;
8370 : 73;
8371 : 73;
8372 : 73;
8373 : 73;
8374 : FF;
8375 : 73;
8376 : 73;
8377 : 73;
8378 : FF;
8379 : FF;
8380 : FF;
8381 : FF;
8382 : FF;
8383 : FF;
8384 : FF;
8385 : FF;
8386 : FF;
8387 : FF;
8388 : 73;
8389 : 73;
8390 : 73;
8391 : 73;
8392 : 73;
8393 : FF;
8394 : FF;
8395 : FF;
8396 : FF;
8397 : FF;
8398 : FF;
8399 : FF;
8400 : FF;
8401 : FF;
8402 : FF;
8403 : FF;
8404 : FF;
8405 : FF;
8406 : FF;
8407 : FF;
8408 : FF;
8409 : FF;
8410 : FF;
8411 : 73;
8412 : 73;
8413 : 73;
8414 : 73;
8415 : 73;
8416 : FF;
8417 : FF;
8418 : FF;
8419 : FF;
8420 : FF;
8421 : FF;
8422 : FF;
8423 : FF;
8424 : FF;
8425 : FF;
8426 : FF;
8427 : FF;
8428 : FF;
8429 : FF;
8430 : FF;
8431 : FF;
8432 : FF;
8433 : 73;
8434 : 73;
8435 : 73;
8436 : 73;
8437 : 73;
8438 : 73;
8439 : 73;
8440 : 73;
8441 : 73;
8442 : 73;
8443 : 73;
8444 : 73;
8445 : 73;
8446 : 73;
8447 : 73;
8448 : 73;
8449 : 73;
8450 : 73;
8451 : 73;
8452 : 73;
8453 : 73;
8454 : 73;
8455 : 73;
8456 : 73;
8457 : 73;
8458 : 73;
8459 : 73;
8460 : 73;
8461 : 73;
8462 : 73;
8463 : 73;
8464 : 73;
8465 : FF;
8466 : FF;
8467 : FF;
8468 : FF;
8469 : FF;
8470 : FF;
8471 : FF;
8472 : FF;
8473 : FF;
8474 : 73;
8475 : 73;
8476 : 73;
8477 : 73;
8478 : 73;
8479 : 73;
8480 : 73;
8481 : 73;
8482 : 73;
8483 : 73;
8484 : 73;
8485 : 73;
8486 : 73;
8487 : 73;
8488 : 73;
8489 : 73;
8490 : 73;
8491 : 73;
8492 : FF;
8493 : FF;
8494 : FF;
8495 : FF;
8496 : FF;
8497 : FF;
8498 : FF;
8499 : FF;
8500 : FF;
8501 : FF;
8502 : FF;
8503 : FF;
8504 : FF;
8505 : FF;
8506 : FF;
8507 : FF;
8508 : FF;
8509 : FF;
8510 : FF;
8511 : FF;
8512 : FF;
8513 : FF;
8514 : 73;
8515 : 73;
8516 : 73;
8517 : FF;
8518 : 73;
8519 : FF;
8520 : 73;
8521 : 73;
8522 : 73;
8523 : FF;
8524 : FF;
8525 : FF;
8526 : FF;
8527 : FF;
8528 : FF;
8529 : FF;
8530 : FF;
8531 : FF;
8532 : 73;
8533 : 73;
8534 : 73;
8535 : 73;
8536 : 73;
8537 : 73;
8538 : FF;
8539 : FF;
8540 : FF;
8541 : FF;
8542 : FF;
8543 : FF;
8544 : FF;
8545 : FF;
8546 : FF;
8547 : 73;
8548 : FF;
8549 : FF;
8550 : FF;
8551 : FF;
8552 : FF;
8553 : FF;
8554 : FF;
8555 : FF;
8556 : 73;
8557 : 73;
8558 : 73;
8559 : 73;
8560 : 73;
8561 : FF;
8562 : FF;
8563 : FF;
8564 : FF;
8565 : FF;
8566 : FF;
8567 : FF;
8568 : FF;
8569 : FF;
8570 : FF;
8571 : FF;
8572 : FF;
8573 : FF;
8574 : FF;
8575 : FF;
8576 : 73;
8577 : 73;
8578 : 73;
8579 : 73;
8580 : 73;
8581 : 73;
8582 : 73;
8583 : 73;
8584 : 73;
8585 : 73;
8586 : 73;
8587 : 73;
8588 : 73;
8589 : 73;
8590 : FF;
8591 : 73;
8592 : 73;
8593 : 73;
8594 : 73;
8595 : 73;
8596 : 73;
8597 : 73;
8598 : 73;
8599 : 73;
8600 : 73;
8601 : 73;
8602 : 73;
8603 : 73;
8604 : 73;
8605 : 73;
8606 : 73;
8607 : 73;
8608 : 73;
8609 : FF;
8610 : FF;
8611 : FF;
8612 : FF;
8613 : FF;
8614 : FF;
8615 : FF;
8616 : FF;
8617 : FF;
8618 : FF;
8619 : FF;
8620 : FF;
8621 : 73;
8622 : 73;
8623 : 73;
8624 : 73;
8625 : 73;
8626 : 73;
8627 : 73;
8628 : 73;
8629 : 73;
8630 : 73;
8631 : 73;
8632 : 73;
8633 : 73;
8634 : 73;
8635 : 73;
8636 : FF;
8637 : FF;
8638 : FF;
8639 : FF;
8640 : FF;
8641 : 73;
8642 : FF;
8643 : FF;
8644 : FF;
8645 : FF;
8646 : FF;
8647 : FF;
8648 : FF;
8649 : FF;
8650 : FF;
8651 : FF;
8652 : FF;
8653 : FF;
8654 : FF;
8655 : FF;
8656 : FF;
8657 : 73;
8658 : 73;
8659 : 73;
8660 : 73;
8661 : FF;
8662 : FF;
8663 : FF;
8664 : FF;
8665 : 73;
8666 : 73;
8667 : FF;
8668 : FF;
8669 : FF;
8670 : FF;
8671 : FF;
8672 : FF;
8673 : FF;
8674 : FF;
8675 : FF;
8676 : 73;
8677 : 73;
8678 : 73;
8679 : 73;
8680 : 73;
8681 : 73;
8682 : FF;
8683 : FF;
8684 : FF;
8685 : FF;
8686 : FF;
8687 : FF;
8688 : FF;
8689 : FF;
8690 : 73;
8691 : 73;
8692 : FF;
8693 : FF;
8694 : FF;
8695 : FF;
8696 : FF;
8697 : FF;
8698 : FF;
8699 : FF;
8700 : FF;
8701 : 73;
8702 : 73;
8703 : 73;
8704 : 73;
8705 : FF;
8706 : FF;
8707 : FF;
8708 : FF;
8709 : FF;
8710 : FF;
8711 : FF;
8712 : FF;
8713 : FF;
8714 : FF;
8715 : FF;
8716 : FF;
8717 : FF;
8718 : FF;
8719 : FF;
8720 : 73;
8721 : 73;
8722 : 73;
8723 : 73;
8724 : 73;
8725 : 73;
8726 : 73;
8727 : 73;
8728 : 73;
8729 : FF;
8730 : FF;
8731 : 73;
8732 : 73;
8733 : 73;
8734 : FF;
8735 : 73;
8736 : 73;
8737 : 73;
8738 : 73;
8739 : 73;
8740 : 73;
8741 : 73;
8742 : 73;
8743 : 73;
8744 : 73;
8745 : 73;
8746 : 73;
8747 : 73;
8748 : 73;
8749 : 73;
8750 : 73;
8751 : 73;
8752 : 73;
8753 : 73;
8754 : FF;
8755 : FF;
8756 : FF;
8757 : FF;
8758 : FF;
8759 : FF;
8760 : FF;
8761 : FF;
8762 : FF;
8763 : FF;
8764 : FF;
8765 : 73;
8766 : 73;
8767 : 73;
8768 : 73;
8769 : 73;
8770 : 73;
8771 : 73;
8772 : 73;
8773 : 73;
8774 : 73;
8775 : 73;
8776 : 73;
8777 : 73;
8778 : 73;
8779 : FF;
8780 : FF;
8781 : FF;
8782 : FF;
8783 : FF;
8784 : 73;
8785 : FF;
8786 : 73;
8787 : FF;
8788 : FF;
8789 : FF;
8790 : FF;
8791 : FF;
8792 : FF;
8793 : FF;
8794 : FF;
8795 : FF;
8796 : FF;
8797 : FF;
8798 : FF;
8799 : FF;
8800 : 73;
8801 : 73;
8802 : 73;
8803 : 73;
8804 : FF;
8805 : 73;
8806 : FF;
8807 : FF;
8808 : FF;
8809 : 73;
8810 : 73;
8811 : 73;
8812 : FF;
8813 : FF;
8814 : FF;
8815 : FF;
8816 : FF;
8817 : FF;
8818 : FF;
8819 : FF;
8820 : 73;
8821 : 73;
8822 : 73;
8823 : 73;
8824 : 73;
8825 : 73;
8826 : FF;
8827 : FF;
8828 : FF;
8829 : FF;
8830 : FF;
8831 : FF;
8832 : FF;
8833 : FF;
8834 : 73;
8835 : 73;
8836 : FF;
8837 : FF;
8838 : FF;
8839 : FF;
8840 : FF;
8841 : FF;
8842 : FF;
8843 : FF;
8844 : FF;
8845 : 73;
8846 : 73;
8847 : 73;
8848 : 73;
8849 : FF;
8850 : FF;
8851 : 73;
8852 : 73;
8853 : FF;
8854 : FF;
8855 : FF;
8856 : FF;
8857 : FF;
8858 : FF;
8859 : FF;
8860 : FF;
8861 : FF;
8862 : FF;
8863 : 73;
8864 : 73;
8865 : 73;
8866 : 73;
8867 : 73;
8868 : 73;
8869 : 73;
8870 : 73;
8871 : 73;
8872 : FF;
8873 : FF;
8874 : 73;
8875 : 73;
8876 : 73;
8877 : FF;
8878 : FF;
8879 : FF;
8880 : 73;
8881 : 73;
8882 : 73;
8883 : 73;
8884 : 73;
8885 : 73;
8886 : 73;
8887 : 73;
8888 : 73;
8889 : 73;
8890 : 73;
8891 : 73;
8892 : 73;
8893 : 73;
8894 : 73;
8895 : 73;
8896 : 73;
8897 : 73;
8898 : FF;
8899 : FF;
8900 : FF;
8901 : FF;
8902 : FF;
8903 : FF;
8904 : FF;
8905 : FF;
8906 : FF;
8907 : FF;
8908 : FF;
8909 : FF;
8910 : 73;
8911 : 73;
8912 : 73;
8913 : 73;
8914 : 73;
8915 : 73;
8916 : 73;
8917 : FF;
8918 : FF;
8919 : 73;
8920 : 73;
8921 : 73;
8922 : 73;
8923 : FF;
8924 : FF;
8925 : FF;
8926 : FF;
8927 : FF;
8928 : FF;
8929 : 73;
8930 : 73;
8931 : FF;
8932 : FF;
8933 : FF;
8934 : FF;
8935 : FF;
8936 : FF;
8937 : FF;
8938 : FF;
8939 : FF;
8940 : FF;
8941 : FF;
8942 : FF;
8943 : FF;
8944 : 73;
8945 : 73;
8946 : 73;
8947 : FF;
8948 : 73;
8949 : FF;
8950 : FF;
8951 : FF;
8952 : 73;
8953 : 73;
8954 : 73;
8955 : 73;
8956 : 73;
8957 : FF;
8958 : FF;
8959 : FF;
8960 : FF;
8961 : FF;
8962 : FF;
8963 : 73;
8964 : 73;
8965 : 73;
8966 : 73;
8967 : FF;
8968 : 73;
8969 : 73;
8970 : FF;
8971 : FF;
8972 : FF;
8973 : FF;
8974 : FF;
8975 : FF;
8976 : FF;
8977 : 73;
8978 : 73;
8979 : 73;
8980 : FF;
8981 : FF;
8982 : FF;
8983 : FF;
8984 : FF;
8985 : FF;
8986 : FF;
8987 : FF;
8988 : FF;
8989 : FF;
8990 : 73;
8991 : 73;
8992 : FF;
8993 : FF;
8994 : FF;
8995 : 73;
8996 : 73;
8997 : 73;
8998 : FF;
8999 : FF;
9000 : FF;
9001 : FF;
9002 : FF;
9003 : FF;
9004 : FF;
9005 : FF;
9006 : 73;
9007 : 73;
9008 : 73;
9009 : 73;
9010 : 73;
9011 : 73;
9012 : 73;
9013 : 73;
9014 : FF;
9015 : FF;
9016 : FF;
9017 : FF;
9018 : 73;
9019 : 73;
9020 : FF;
9021 : FF;
9022 : FF;
9023 : FF;
9024 : 73;
9025 : 73;
9026 : 73;
9027 : 73;
9028 : 73;
9029 : 73;
9030 : 73;
9031 : 73;
9032 : 73;
9033 : 73;
9034 : 73;
9035 : 73;
9036 : 73;
9037 : 73;
9038 : 73;
9039 : 73;
9040 : 73;
9041 : 73;
9042 : 73;
9043 : FF;
9044 : FF;
9045 : FF;
9046 : FF;
9047 : FF;
9048 : FF;
9049 : FF;
9050 : FF;
9051 : FF;
9052 : FF;
9053 : FF;
9054 : FF;
9055 : 73;
9056 : 73;
9057 : 73;
9058 : 73;
9059 : 73;
9060 : FF;
9061 : FF;
9062 : FF;
9063 : 73;
9064 : 73;
9065 : 73;
9066 : 73;
9067 : FF;
9068 : FF;
9069 : FF;
9070 : FF;
9071 : FF;
9072 : FF;
9073 : 73;
9074 : FF;
9075 : 73;
9076 : FF;
9077 : FF;
9078 : FF;
9079 : FF;
9080 : FF;
9081 : FF;
9082 : FF;
9083 : FF;
9084 : FF;
9085 : FF;
9086 : FF;
9087 : 73;
9088 : 73;
9089 : 73;
9090 : 73;
9091 : FF;
9092 : FF;
9093 : FF;
9094 : FF;
9095 : FF;
9096 : 73;
9097 : 73;
9098 : 73;
9099 : 73;
9100 : 73;
9101 : 73;
9102 : FF;
9103 : FF;
9104 : FF;
9105 : FF;
9106 : FF;
9107 : 73;
9108 : 73;
9109 : 73;
9110 : FF;
9111 : FF;
9112 : 73;
9113 : 73;
9114 : FF;
9115 : FF;
9116 : FF;
9117 : FF;
9118 : FF;
9119 : FF;
9120 : FF;
9121 : 73;
9122 : 73;
9123 : 73;
9124 : 73;
9125 : FF;
9126 : FF;
9127 : FF;
9128 : FF;
9129 : FF;
9130 : FF;
9131 : FF;
9132 : FF;
9133 : FF;
9134 : FF;
9135 : FF;
9136 : FF;
9137 : FF;
9138 : 73;
9139 : 73;
9140 : 73;
9141 : FF;
9142 : 73;
9143 : FF;
9144 : FF;
9145 : FF;
9146 : FF;
9147 : FF;
9148 : FF;
9149 : FF;
9150 : 73;
9151 : 73;
9152 : 73;
9153 : 73;
9154 : 73;
9155 : 73;
9156 : 73;
9157 : FF;
9158 : FF;
9159 : FF;
9160 : FF;
9161 : FF;
9162 : 73;
9163 : 73;
9164 : FF;
9165 : FF;
9166 : FF;
9167 : FF;
9168 : 73;
9169 : 73;
9170 : 73;
9171 : 73;
9172 : 73;
9173 : 73;
9174 : FF;
9175 : FF;
9176 : 73;
9177 : FF;
9178 : 73;
9179 : 73;
9180 : 73;
9181 : 73;
9182 : 73;
9183 : 73;
9184 : 73;
9185 : 73;
9186 : 73;
9187 : 73;
9188 : FF;
9189 : FF;
9190 : FF;
9191 : FF;
9192 : FF;
9193 : FF;
9194 : FF;
9195 : FF;
9196 : FF;
9197 : FF;
9198 : FF;
9199 : 73;
9200 : 73;
9201 : 73;
9202 : 73;
9203 : 73;
9204 : FF;
9205 : FF;
9206 : 73;
9207 : 73;
9208 : 73;
9209 : 73;
9210 : 73;
9211 : FF;
9212 : FF;
9213 : FF;
9214 : FF;
9215 : FF;
9216 : FF;
9217 : FF;
9218 : FF;
9219 : FF;
9220 : FF;
9221 : FF;
9222 : FF;
9223 : FF;
9224 : FF;
9225 : FF;
9226 : FF;
9227 : FF;
9228 : FF;
9229 : FF;
9230 : FF;
9231 : FF;
9232 : FF;
9233 : FF;
9234 : FF;
9235 : FF;
9236 : FF;
9237 : FF;
9238 : FF;
9239 : FF;
9240 : 73;
9241 : FF;
9242 : FF;
9243 : FF;
9244 : FF;
9245 : FF;
9246 : FF;
9247 : FF;
9248 : FF;
9249 : 73;
9250 : 73;
9251 : FF;
9252 : FF;
9253 : FF;
9254 : 73;
9255 : 73;
9256 : 73;
9257 : 73;
9258 : 73;
9259 : 73;
9260 : 73;
9261 : 73;
9262 : 73;
9263 : 73;
9264 : FF;
9265 : FF;
9266 : FF;
9267 : FF;
9268 : 73;
9269 : 73;
9270 : 73;
9271 : 73;
9272 : 73;
9273 : FF;
9274 : FF;
9275 : FF;
9276 : FF;
9277 : FF;
9278 : FF;
9279 : FF;
9280 : FF;
9281 : FF;
9282 : 73;
9283 : 73;
9284 : 73;
9285 : 73;
9286 : 73;
9287 : 73;
9288 : FF;
9289 : FF;
9290 : FF;
9291 : FF;
9292 : FF;
9293 : FF;
9294 : FF;
9295 : 73;
9296 : 73;
9297 : 73;
9298 : 73;
9299 : 73;
9300 : 73;
9301 : 73;
9302 : 73;
9303 : FF;
9304 : 73;
9305 : FF;
9306 : 73;
9307 : FF;
9308 : FF;
9309 : FF;
9310 : FF;
9311 : FF;
9312 : FF;
9313 : FF;
9314 : FF;
9315 : FF;
9316 : FF;
9317 : FF;
9318 : FF;
9319 : 73;
9320 : 73;
9321 : 73;
9322 : FF;
9323 : 73;
9324 : FF;
9325 : FF;
9326 : FF;
9327 : 73;
9328 : 73;
9329 : FF;
9330 : 73;
9331 : 73;
9332 : 73;
9333 : 73;
9334 : 73;
9335 : FF;
9336 : FF;
9337 : FF;
9338 : FF;
9339 : FF;
9340 : FF;
9341 : FF;
9342 : FF;
9343 : FF;
9344 : FF;
9345 : FF;
9346 : FF;
9347 : 73;
9348 : 73;
9349 : 73;
9350 : FF;
9351 : FF;
9352 : 73;
9353 : 73;
9354 : FF;
9355 : FF;
9356 : FF;
9357 : FF;
9358 : FF;
9359 : FF;
9360 : FF;
9361 : FF;
9362 : FF;
9363 : FF;
9364 : FF;
9365 : FF;
9366 : 73;
9367 : 73;
9368 : 73;
9369 : 73;
9370 : 73;
9371 : FF;
9372 : FF;
9373 : FF;
9374 : FF;
9375 : FF;
9376 : FF;
9377 : FF;
9378 : FF;
9379 : FF;
9380 : FF;
9381 : FF;
9382 : FF;
9383 : 73;
9384 : 73;
9385 : FF;
9386 : FF;
9387 : FF;
9388 : FF;
9389 : FF;
9390 : FF;
9391 : FF;
9392 : FF;
9393 : FF;
9394 : 73;
9395 : 73;
9396 : 73;
9397 : 73;
9398 : 73;
9399 : 73;
9400 : 73;
9401 : 73;
9402 : 73;
9403 : 73;
9404 : 73;
9405 : 73;
9406 : 73;
9407 : FF;
9408 : FF;
9409 : FF;
9410 : FF;
9411 : FF;
9412 : 73;
9413 : 73;
9414 : 73;
9415 : 73;
9416 : 73;
9417 : 73;
9418 : FF;
9419 : FF;
9420 : FF;
9421 : FF;
9422 : FF;
9423 : FF;
9424 : FF;
9425 : FF;
9426 : FF;
9427 : 73;
9428 : 73;
9429 : 73;
9430 : 73;
9431 : 73;
9432 : FF;
9433 : FF;
9434 : FF;
9435 : FF;
9436 : FF;
9437 : FF;
9438 : 73;
9439 : 73;
9440 : 73;
9441 : 73;
9442 : 73;
9443 : 73;
9444 : 73;
9445 : 73;
9446 : FF;
9447 : FF;
9448 : FF;
9449 : FF;
9450 : FF;
9451 : FF;
9452 : FF;
9453 : 73;
9454 : FF;
9455 : FF;
9456 : FF;
9457 : FF;
9458 : FF;
9459 : FF;
9460 : FF;
9461 : FF;
9462 : FF;
9463 : 73;
9464 : 73;
9465 : 73;
9466 : 73;
9467 : FF;
9468 : FF;
9469 : FF;
9470 : FF;
9471 : FF;
9472 : FF;
9473 : 73;
9474 : 73;
9475 : 73;
9476 : 73;
9477 : 73;
9478 : 73;
9479 : 73;
9480 : FF;
9481 : FF;
9482 : FF;
9483 : FF;
9484 : FF;
9485 : FF;
9486 : FF;
9487 : FF;
9488 : FF;
9489 : FF;
9490 : FF;
9491 : 73;
9492 : 73;
9493 : FF;
9494 : FF;
9495 : 73;
9496 : 73;
9497 : 73;
9498 : FF;
9499 : FF;
9500 : FF;
9501 : FF;
9502 : FF;
9503 : FF;
9504 : FF;
9505 : FF;
9506 : FF;
9507 : FF;
9508 : FF;
9509 : 73;
9510 : 73;
9511 : 73;
9512 : 73;
9513 : 73;
9514 : FF;
9515 : FF;
9516 : FF;
9517 : FF;
9518 : FF;
9519 : FF;
9520 : FF;
9521 : FF;
9522 : FF;
9523 : FF;
9524 : FF;
9525 : FF;
9526 : 73;
9527 : 73;
9528 : 73;
9529 : FF;
9530 : FF;
9531 : FF;
9532 : FF;
9533 : FF;
9534 : FF;
9535 : FF;
9536 : FF;
9537 : FF;
9538 : 73;
9539 : 73;
9540 : 73;
9541 : 73;
9542 : 73;
9543 : 73;
9544 : 73;
9545 : 73;
9546 : 73;
9547 : 73;
9548 : 73;
9549 : 73;
9550 : 73;
9551 : FF;
9552 : FF;
9553 : FF;
9554 : FF;
9555 : FF;
9556 : 73;
9557 : 73;
9558 : 73;
9559 : 73;
9560 : 73;
9561 : 73;
9562 : FF;
9563 : FF;
9564 : FF;
9565 : FF;
9566 : FF;
9567 : FF;
9568 : FF;
9569 : FF;
9570 : FF;
9571 : FF;
9572 : 73;
9573 : 73;
9574 : 73;
9575 : 73;
9576 : FF;
9577 : FF;
9578 : FF;
9579 : FF;
9580 : FF;
9581 : FF;
9582 : FF;
9583 : 73;
9584 : 73;
9585 : 73;
9586 : 73;
9587 : 73;
9588 : 73;
9589 : 73;
9590 : FF;
9591 : FF;
9592 : FF;
9593 : FF;
9594 : FF;
9595 : FF;
9596 : FF;
9597 : 73;
9598 : 73;
9599 : FF;
9600 : FF;
9601 : FF;
9602 : FF;
9603 : FF;
9604 : FF;
9605 : FF;
9606 : FF;
9607 : 73;
9608 : 73;
9609 : 73;
9610 : 73;
9611 : FF;
9612 : FF;
9613 : FF;
9614 : FF;
9615 : FF;
9616 : FF;
9617 : FF;
9618 : 73;
9619 : 73;
9620 : 73;
9621 : 73;
9622 : 73;
9623 : 73;
9624 : 73;
9625 : FF;
9626 : FF;
9627 : FF;
9628 : FF;
9629 : FF;
9630 : FF;
9631 : FF;
9632 : FF;
9633 : FF;
9634 : FF;
9635 : 73;
9636 : FF;
9637 : FF;
9638 : FF;
9639 : 73;
9640 : 73;
9641 : FF;
9642 : FF;
9643 : FF;
9644 : FF;
9645 : FF;
9646 : FF;
9647 : FF;
9648 : FF;
9649 : FF;
9650 : FF;
9651 : FF;
9652 : FF;
9653 : 73;
9654 : 73;
9655 : 73;
9656 : 73;
9657 : 73;
9658 : 73;
9659 : FF;
9660 : FF;
9661 : FF;
9662 : FF;
9663 : FF;
9664 : FF;
9665 : FF;
9666 : FF;
9667 : FF;
9668 : FF;
9669 : FF;
9670 : 73;
9671 : 73;
9672 : 73;
9673 : FF;
9674 : FF;
9675 : FF;
9676 : FF;
9677 : FF;
9678 : FF;
9679 : FF;
9680 : FF;
9681 : FF;
9682 : 73;
9683 : 73;
9684 : 73;
9685 : 73;
9686 : 73;
9687 : 73;
9688 : 73;
9689 : 73;
9690 : 73;
9691 : 73;
9692 : 73;
9693 : 73;
9694 : FF;
9695 : FF;
9696 : FF;
9697 : FF;
9698 : FF;
9699 : FF;
9700 : FF;
9701 : 73;
9702 : 73;
9703 : 73;
9704 : 73;
9705 : 73;
9706 : FF;
9707 : FF;
9708 : FF;
9709 : FF;
9710 : FF;
9711 : FF;
9712 : 73;
9713 : FF;
9714 : FF;
9715 : FF;
9716 : 73;
9717 : 73;
9718 : 73;
9719 : 73;
9720 : FF;
9721 : FF;
9722 : FF;
9723 : FF;
9724 : FF;
9725 : FF;
9726 : FF;
9727 : 73;
9728 : FF;
9729 : FF;
9730 : 73;
9731 : 73;
9732 : 73;
9733 : FF;
9734 : FF;
9735 : FF;
9736 : FF;
9737 : FF;
9738 : FF;
9739 : FF;
9740 : 73;
9741 : 73;
9742 : 73;
9743 : FF;
9744 : FF;
9745 : FF;
9746 : FF;
9747 : FF;
9748 : FF;
9749 : FF;
9750 : FF;
9751 : 73;
9752 : 73;
9753 : 73;
9754 : 73;
9755 : 73;
9756 : FF;
9757 : FF;
9758 : FF;
9759 : FF;
9760 : FF;
9761 : 73;
9762 : 73;
9763 : 73;
9764 : 73;
9765 : 73;
9766 : 73;
9767 : 73;
9768 : 73;
9769 : FF;
9770 : FF;
9771 : FF;
9772 : FF;
9773 : FF;
9774 : FF;
9775 : FF;
9776 : FF;
9777 : FF;
9778 : 73;
9779 : FF;
9780 : FF;
9781 : FF;
9782 : 73;
9783 : 73;
9784 : 73;
9785 : FF;
9786 : FF;
9787 : FF;
9788 : FF;
9789 : FF;
9790 : FF;
9791 : FF;
9792 : FF;
9793 : FF;
9794 : FF;
9795 : FF;
9796 : 73;
9797 : 73;
9798 : 73;
9799 : 73;
9800 : 73;
9801 : 73;
9802 : 73;
9803 : 73;
9804 : FF;
9805 : FF;
9806 : FF;
9807 : FF;
9808 : FF;
9809 : FF;
9810 : FF;
9811 : FF;
9812 : FF;
9813 : 73;
9814 : 73;
9815 : 73;
9816 : 73;
9817 : 73;
9818 : FF;
9819 : FF;
9820 : FF;
9821 : FF;
9822 : FF;
9823 : FF;
9824 : FF;
9825 : FF;
9826 : 73;
9827 : 73;
9828 : 73;
9829 : 73;
9830 : 73;
9831 : 73;
9832 : 73;
9833 : 73;
9834 : 73;
9835 : 73;
9836 : 73;
9837 : 73;
9838 : FF;
9839 : FF;
9840 : FF;
9841 : FF;
9842 : FF;
9843 : FF;
9844 : FF;
9845 : 73;
9846 : 73;
9847 : 73;
9848 : 73;
9849 : 73;
9850 : FF;
9851 : FF;
9852 : FF;
9853 : FF;
9854 : FF;
9855 : FF;
9856 : FF;
9857 : FF;
9858 : FF;
9859 : 73;
9860 : 73;
9861 : 73;
9862 : 73;
9863 : 73;
9864 : FF;
9865 : FF;
9866 : FF;
9867 : FF;
9868 : FF;
9869 : FF;
9870 : FF;
9871 : FF;
9872 : FF;
9873 : 73;
9874 : 73;
9875 : 73;
9876 : 73;
9877 : FF;
9878 : FF;
9879 : FF;
9880 : FF;
9881 : FF;
9882 : FF;
9883 : 73;
9884 : 73;
9885 : 73;
9886 : 73;
9887 : 73;
9888 : FF;
9889 : FF;
9890 : FF;
9891 : FF;
9892 : FF;
9893 : FF;
9894 : FF;
9895 : FF;
9896 : 73;
9897 : 73;
9898 : 73;
9899 : FF;
9900 : FF;
9901 : FF;
9902 : FF;
9903 : 73;
9904 : FF;
9905 : 73;
9906 : 73;
9907 : 73;
9908 : 73;
9909 : 73;
9910 : 73;
9911 : 73;
9912 : 73;
9913 : FF;
9914 : FF;
9915 : FF;
9916 : FF;
9917 : FF;
9918 : FF;
9919 : FF;
9920 : FF;
9921 : FF;
9922 : FF;
9923 : FF;
9924 : FF;
9925 : 73;
9926 : 73;
9927 : 73;
9928 : 73;
9929 : FF;
9930 : FF;
9931 : FF;
9932 : FF;
9933 : FF;
9934 : FF;
9935 : FF;
9936 : FF;
9937 : FF;
9938 : FF;
9939 : 73;
9940 : 73;
9941 : 73;
9942 : 73;
9943 : 73;
9944 : 73;
9945 : 73;
9946 : 73;
9947 : 73;
9948 : 73;
9949 : FF;
9950 : FF;
9951 : FF;
9952 : FF;
9953 : FF;
9954 : FF;
9955 : FF;
9956 : FF;
9957 : 73;
9958 : 73;
9959 : 73;
9960 : 73;
9961 : 73;
9962 : FF;
9963 : FF;
9964 : FF;
9965 : FF;
9966 : FF;
9967 : FF;
9968 : FF;
9969 : FF;
9970 : 73;
9971 : 73;
9972 : 73;
9973 : 73;
9974 : 73;
9975 : 73;
9976 : 73;
9977 : 73;
9978 : 73;
9979 : 73;
9980 : 73;
9981 : 73;
9982 : FF;
9983 : FF;
9984 : FF;
9985 : FF;
9986 : FF;
9987 : FF;
9988 : FF;
9989 : FF;
9990 : 73;
9991 : 73;
9992 : 73;
9993 : FF;
9994 : FF;
9995 : FF;
9996 : FF;
9997 : FF;
9998 : FF;
9999 : FF;
10000 : FF;
10001 : FF;
10002 : FF;
10003 : FF;
10004 : 73;
10005 : 73;
10006 : 73;
10007 : 73;
10008 : FF;
10009 : FF;
10010 : FF;
10011 : FF;
10012 : FF;
10013 : FF;
10014 : FF;
10015 : FF;
10016 : FF;
10017 : 73;
10018 : 73;
10019 : 73;
10020 : FF;
10021 : FF;
10022 : FF;
10023 : FF;
10024 : FF;
10025 : FF;
10026 : FF;
10027 : 73;
10028 : 73;
10029 : 73;
10030 : 73;
10031 : 73;
10032 : FF;
10033 : FF;
10034 : FF;
10035 : FF;
10036 : FF;
10037 : FF;
10038 : FF;
10039 : FF;
10040 : 73;
10041 : 73;
10042 : 73;
10043 : FF;
10044 : FF;
10045 : FF;
10046 : FF;
10047 : FF;
10048 : 73;
10049 : 73;
10050 : 73;
10051 : 73;
10052 : 73;
10053 : 73;
10054 : 73;
10055 : 73;
10056 : 73;
10057 : FF;
10058 : FF;
10059 : FF;
10060 : FF;
10061 : FF;
10062 : FF;
10063 : FF;
10064 : FF;
10065 : FF;
10066 : FF;
10067 : FF;
10068 : FF;
10069 : 73;
10070 : 73;
10071 : 73;
10072 : FF;
10073 : FF;
10074 : FF;
10075 : FF;
10076 : FF;
10077 : FF;
10078 : FF;
10079 : FF;
10080 : FF;
10081 : FF;
10082 : FF;
10083 : 73;
10084 : 73;
10085 : 73;
10086 : 73;
10087 : 73;
10088 : 73;
10089 : 73;
10090 : 73;
10091 : 73;
10092 : 73;
10093 : 73;
10094 : FF;
10095 : FF;
10096 : FF;
10097 : FF;
10098 : FF;
10099 : FF;
10100 : FF;
10101 : 73;
10102 : 73;
10103 : 73;
10104 : 73;
10105 : 73;
10106 : 73;
10107 : 73;
10108 : FF;
10109 : FF;
10110 : FF;
10111 : FF;
10112 : FF;
10113 : 73;
10114 : 73;
10115 : 73;
10116 : 73;
10117 : 73;
10118 : 73;
10119 : 73;
10120 : 73;
10121 : 73;
10122 : 73;
10123 : 73;
10124 : 73;
10125 : 73;
10126 : 73;
10127 : FF;
10128 : FF;
10129 : FF;
10130 : FF;
10131 : FF;
10132 : FF;
10133 : FF;
10134 : FF;
10135 : 73;
10136 : 73;
10137 : FF;
10138 : FF;
10139 : FF;
10140 : FF;
10141 : FF;
10142 : FF;
10143 : FF;
10144 : FF;
10145 : FF;
10146 : FF;
10147 : FF;
10148 : 73;
10149 : 73;
10150 : 73;
10151 : 73;
10152 : FF;
10153 : FF;
10154 : FF;
10155 : FF;
10156 : FF;
10157 : FF;
10158 : FF;
10159 : FF;
10160 : 73;
10161 : 73;
10162 : 73;
10163 : 73;
10164 : FF;
10165 : FF;
10166 : FF;
10167 : FF;
10168 : FF;
10169 : FF;
10170 : 73;
10171 : 73;
10172 : 73;
10173 : 73;
10174 : 73;
10175 : 73;
10176 : FF;
10177 : FF;
10178 : FF;
10179 : FF;
10180 : FF;
10181 : FF;
10182 : FF;
10183 : FF;
10184 : 73;
10185 : 73;
10186 : FF;
10187 : FF;
10188 : FF;
10189 : FF;
10190 : FF;
10191 : FF;
10192 : 73;
10193 : 73;
10194 : 73;
10195 : 73;
10196 : 73;
10197 : 73;
10198 : 73;
10199 : 73;
10200 : FF;
10201 : FF;
10202 : FF;
10203 : FF;
10204 : FF;
10205 : FF;
10206 : FF;
10207 : FF;
10208 : FF;
10209 : FF;
10210 : FF;
10211 : FF;
10212 : FF;
10213 : 73;
10214 : 73;
10215 : 73;
10216 : FF;
10217 : FF;
10218 : FF;
10219 : FF;
10220 : FF;
10221 : FF;
10222 : FF;
10223 : FF;
10224 : FF;
10225 : FF;
10226 : 73;
10227 : 73;
10228 : 73;
10229 : 73;
10230 : 73;
10231 : 73;
10232 : 73;
10233 : 73;
10234 : 73;
10235 : 73;
10236 : 73;
10237 : 73;
10238 : 73;
10239 : FF;
10240 : FF;
10241 : FF;
10242 : FF;
10243 : FF;
10244 : FF;
10245 : FF;
10246 : 73;
10247 : 73;
10248 : 73;
10249 : FF;
10250 : FF;
10251 : 73;
10252 : FF;
10253 : FF;
10254 : FF;
10255 : FF;
10256 : FF;
10257 : 73;
10258 : 73;
10259 : 73;
10260 : 73;
10261 : 73;
10262 : 73;
10263 : 73;
10264 : 73;
10265 : 73;
10266 : 73;
10267 : 73;
10268 : 73;
10269 : 73;
10270 : 73;
10271 : FF;
10272 : FF;
10273 : FF;
10274 : FF;
10275 : FF;
10276 : FF;
10277 : FF;
10278 : FF;
10279 : 73;
10280 : 73;
10281 : 73;
10282 : FF;
10283 : FF;
10284 : FF;
10285 : FF;
10286 : FF;
10287 : FF;
10288 : FF;
10289 : FF;
10290 : FF;
10291 : FF;
10292 : 73;
10293 : 73;
10294 : 73;
10295 : 73;
10296 : FF;
10297 : FF;
10298 : FF;
10299 : FF;
10300 : FF;
10301 : FF;
10302 : FF;
10303 : FF;
10304 : 73;
10305 : 73;
10306 : 73;
10307 : FF;
10308 : FF;
10309 : FF;
10310 : FF;
10311 : FF;
10312 : FF;
10313 : FF;
10314 : 73;
10315 : 73;
10316 : 73;
10317 : 73;
10318 : 73;
10319 : 73;
10320 : FF;
10321 : FF;
10322 : FF;
10323 : FF;
10324 : FF;
10325 : FF;
10326 : FF;
10327 : FF;
10328 : 73;
10329 : 73;
10330 : FF;
10331 : FF;
10332 : FF;
10333 : 73;
10334 : FF;
10335 : FF;
10336 : 73;
10337 : 73;
10338 : 73;
10339 : 73;
10340 : 73;
10341 : 73;
10342 : 73;
10343 : 73;
10344 : FF;
10345 : FF;
10346 : FF;
10347 : FF;
10348 : FF;
10349 : FF;
10350 : FF;
10351 : FF;
10352 : FF;
10353 : FF;
10354 : FF;
10355 : FF;
10356 : FF;
10357 : 73;
10358 : 73;
10359 : 73;
10360 : FF;
10361 : FF;
10362 : FF;
10363 : FF;
10364 : FF;
10365 : FF;
10366 : FF;
10367 : FF;
10368 : FF;
10369 : FF;
10370 : FF;
10371 : FF;
10372 : FF;
10373 : FF;
10374 : FF;
10375 : FF;
10376 : FF;
10377 : 73;
10378 : 73;
10379 : 73;
10380 : 73;
10381 : FF;
10382 : FF;
10383 : FF;
10384 : FF;
10385 : FF;
10386 : 73;
10387 : 73;
10388 : FF;
10389 : FF;
10390 : FF;
10391 : 73;
10392 : FF;
10393 : FF;
10394 : FF;
10395 : FF;
10396 : FF;
10397 : FF;
10398 : FF;
10399 : FF;
10400 : 73;
10401 : 73;
10402 : 73;
10403 : FF;
10404 : FF;
10405 : FF;
10406 : FF;
10407 : FF;
10408 : FF;
10409 : FF;
10410 : FF;
10411 : FF;
10412 : FF;
10413 : 73;
10414 : 73;
10415 : 73;
10416 : FF;
10417 : FF;
10418 : FF;
10419 : FF;
10420 : FF;
10421 : FF;
10422 : FF;
10423 : FF;
10424 : FF;
10425 : FF;
10426 : 73;
10427 : FF;
10428 : FF;
10429 : FF;
10430 : FF;
10431 : FF;
10432 : 73;
10433 : 73;
10434 : 73;
10435 : 73;
10436 : 73;
10437 : FF;
10438 : FF;
10439 : 73;
10440 : FF;
10441 : FF;
10442 : 73;
10443 : 73;
10444 : 73;
10445 : 73;
10446 : 73;
10447 : 73;
10448 : 73;
10449 : 73;
10450 : 73;
10451 : 73;
10452 : 73;
10453 : FF;
10454 : FF;
10455 : FF;
10456 : 73;
10457 : 73;
10458 : 73;
10459 : FF;
10460 : FF;
10461 : FF;
10462 : 73;
10463 : 73;
10464 : 73;
10465 : 73;
10466 : FF;
10467 : FF;
10468 : FF;
10469 : FF;
10470 : FF;
10471 : FF;
10472 : FF;
10473 : FF;
10474 : FF;
10475 : 73;
10476 : 73;
10477 : 73;
10478 : 73;
10479 : 73;
10480 : 73;
10481 : 73;
10482 : 73;
10483 : 73;
10484 : 73;
10485 : 73;
10486 : 73;
10487 : FF;
10488 : FF;
10489 : FF;
10490 : FF;
10491 : 73;
10492 : FF;
10493 : FF;
10494 : FF;
10495 : FF;
10496 : 73;
10497 : 73;
10498 : 73;
10499 : 73;
10500 : 73;
10501 : 73;
10502 : 73;
10503 : FF;
10504 : 73;
10505 : 73;
10506 : 73;
10507 : FF;
10508 : FF;
10509 : FF;
10510 : FF;
10511 : FF;
10512 : FF;
10513 : FF;
10514 : FF;
10515 : FF;
10516 : FF;
10517 : FF;
10518 : FF;
10519 : FF;
10520 : 73;
10521 : 73;
10522 : 73;
10523 : 73;
10524 : 73;
10525 : FF;
10526 : FF;
10527 : FF;
10528 : FF;
10529 : FF;
10530 : FF;
10531 : FF;
10532 : FF;
10533 : FF;
10534 : FF;
10535 : 73;
10536 : 73;
10537 : FF;
10538 : FF;
10539 : FF;
10540 : FF;
10541 : FF;
10542 : FF;
10543 : FF;
10544 : 73;
10545 : 73;
10546 : 73;
10547 : 73;
10548 : FF;
10549 : FF;
10550 : FF;
10551 : FF;
10552 : FF;
10553 : FF;
10554 : FF;
10555 : FF;
10556 : FF;
10557 : 73;
10558 : 73;
10559 : 73;
10560 : FF;
10561 : FF;
10562 : FF;
10563 : FF;
10564 : FF;
10565 : FF;
10566 : FF;
10567 : FF;
10568 : FF;
10569 : FF;
10570 : FF;
10571 : FF;
10572 : FF;
10573 : FF;
10574 : FF;
10575 : 73;
10576 : 73;
10577 : 73;
10578 : 73;
10579 : 73;
10580 : 73;
10581 : FF;
10582 : FF;
10583 : 73;
10584 : FF;
10585 : FF;
10586 : 73;
10587 : 73;
10588 : 73;
10589 : 73;
10590 : 73;
10591 : 73;
10592 : 73;
10593 : 73;
10594 : 73;
10595 : 73;
10596 : 73;
10597 : FF;
10598 : FF;
10599 : FF;
10600 : 73;
10601 : 73;
10602 : FF;
10603 : FF;
10604 : FF;
10605 : 73;
10606 : 73;
10607 : 73;
10608 : 73;
10609 : 73;
10610 : FF;
10611 : FF;
10612 : FF;
10613 : FF;
10614 : FF;
10615 : FF;
10616 : FF;
10617 : FF;
10618 : FF;
10619 : FF;
10620 : FF;
10621 : 73;
10622 : 73;
10623 : 73;
10624 : 73;
10625 : 73;
10626 : 73;
10627 : 73;
10628 : 73;
10629 : 73;
10630 : 73;
10631 : FF;
10632 : FF;
10633 : FF;
10634 : FF;
10635 : 73;
10636 : FF;
10637 : FF;
10638 : FF;
10639 : FF;
10640 : 73;
10641 : 73;
10642 : 73;
10643 : 73;
10644 : 73;
10645 : 73;
10646 : 73;
10647 : 73;
10648 : FF;
10649 : 73;
10650 : 73;
10651 : FF;
10652 : FF;
10653 : FF;
10654 : FF;
10655 : FF;
10656 : FF;
10657 : FF;
10658 : FF;
10659 : FF;
10660 : FF;
10661 : FF;
10662 : FF;
10663 : FF;
10664 : 73;
10665 : 73;
10666 : FF;
10667 : 73;
10668 : 73;
10669 : 73;
10670 : FF;
10671 : FF;
10672 : FF;
10673 : FF;
10674 : FF;
10675 : FF;
10676 : FF;
10677 : FF;
10678 : FF;
10679 : FF;
10680 : 73;
10681 : FF;
10682 : FF;
10683 : FF;
10684 : FF;
10685 : FF;
10686 : FF;
10687 : FF;
10688 : 73;
10689 : 73;
10690 : 73;
10691 : 73;
10692 : 73;
10693 : FF;
10694 : FF;
10695 : FF;
10696 : FF;
10697 : FF;
10698 : FF;
10699 : FF;
10700 : FF;
10701 : 73;
10702 : 73;
10703 : FF;
10704 : FF;
10705 : FF;
10706 : FF;
10707 : FF;
10708 : FF;
10709 : FF;
10710 : FF;
10711 : FF;
10712 : FF;
10713 : FF;
10714 : FF;
10715 : FF;
10716 : FF;
10717 : FF;
10718 : FF;
10719 : FF;
10720 : FF;
10721 : FF;
10722 : FF;
10723 : 73;
10724 : FF;
10725 : FF;
10726 : 73;
10727 : FF;
10728 : FF;
10729 : FF;
10730 : FF;
10731 : 73;
10732 : 73;
10733 : 73;
10734 : 73;
10735 : 73;
10736 : 73;
10737 : 73;
10738 : 73;
10739 : 73;
10740 : 73;
10741 : FF;
10742 : FF;
10743 : FF;
10744 : FF;
10745 : 73;
10746 : FF;
10747 : FF;
10748 : 73;
10749 : 73;
10750 : 73;
10751 : 73;
10752 : 73;
10753 : FF;
10754 : FF;
10755 : FF;
10756 : FF;
10757 : FF;
10758 : FF;
10759 : FF;
10760 : FF;
10761 : FF;
10762 : FF;
10763 : FF;
10764 : FF;
10765 : FF;
10766 : 73;
10767 : 73;
10768 : 73;
10769 : 73;
10770 : 73;
10771 : 73;
10772 : 73;
10773 : 73;
10774 : FF;
10775 : FF;
10776 : FF;
10777 : FF;
10778 : FF;
10779 : 73;
10780 : FF;
10781 : FF;
10782 : FF;
10783 : 73;
10784 : 73;
10785 : 73;
10786 : 73;
10787 : 73;
10788 : 73;
10789 : 73;
10790 : 73;
10791 : 73;
10792 : FF;
10793 : FF;
10794 : 73;
10795 : 73;
10796 : FF;
10797 : FF;
10798 : FF;
10799 : FF;
10800 : FF;
10801 : FF;
10802 : FF;
10803 : FF;
10804 : FF;
10805 : FF;
10806 : FF;
10807 : 73;
10808 : 73;
10809 : FF;
10810 : FF;
10811 : 73;
10812 : 73;
10813 : 73;
10814 : FF;
10815 : FF;
10816 : FF;
10817 : FF;
10818 : FF;
10819 : FF;
10820 : FF;
10821 : FF;
10822 : FF;
10823 : FF;
10824 : 73;
10825 : 73;
10826 : FF;
10827 : FF;
10828 : FF;
10829 : FF;
10830 : FF;
10831 : FF;
10832 : 73;
10833 : 73;
10834 : 73;
10835 : 73;
10836 : 73;
10837 : 73;
10838 : FF;
10839 : FF;
10840 : FF;
10841 : FF;
10842 : FF;
10843 : FF;
10844 : FF;
10845 : FF;
10846 : FF;
10847 : FF;
10848 : FF;
10849 : FF;
10850 : FF;
10851 : FF;
10852 : FF;
10853 : FF;
10854 : FF;
10855 : FF;
10856 : FF;
10857 : FF;
10858 : FF;
10859 : FF;
10860 : FF;
10861 : FF;
10862 : FF;
10863 : FF;
10864 : FF;
10865 : FF;
10866 : FF;
10867 : FF;
10868 : FF;
10869 : FF;
10870 : FF;
10871 : FF;
10872 : FF;
10873 : FF;
10874 : FF;
10875 : 73;
10876 : 73;
10877 : 73;
10878 : 73;
10879 : 73;
10880 : 73;
10881 : 73;
10882 : 73;
10883 : 73;
10884 : 73;
10885 : FF;
10886 : FF;
10887 : FF;
10888 : FF;
10889 : FF;
10890 : FF;
10891 : FF;
10892 : 73;
10893 : 73;
10894 : 73;
10895 : 73;
10896 : 73;
10897 : 73;
10898 : 73;
10899 : FF;
10900 : FF;
10901 : FF;
10902 : FF;
10903 : FF;
10904 : FF;
10905 : FF;
10906 : FF;
10907 : FF;
10908 : FF;
10909 : FF;
10910 : FF;
10911 : 73;
10912 : 73;
10913 : 73;
10914 : 73;
10915 : 73;
10916 : 73;
10917 : 73;
10918 : FF;
10919 : FF;
10920 : FF;
10921 : FF;
10922 : FF;
10923 : 73;
10924 : FF;
10925 : FF;
10926 : 73;
10927 : 73;
10928 : 73;
10929 : 73;
10930 : 73;
10931 : 73;
10932 : 73;
10933 : 73;
10934 : 73;
10935 : 73;
10936 : FF;
10937 : FF;
10938 : 73;
10939 : 73;
10940 : 73;
10941 : FF;
10942 : FF;
10943 : FF;
10944 : FF;
10945 : FF;
10946 : FF;
10947 : FF;
10948 : FF;
10949 : FF;
10950 : FF;
10951 : 73;
10952 : 73;
10953 : FF;
10954 : FF;
10955 : 73;
10956 : 73;
10957 : 73;
10958 : FF;
10959 : FF;
10960 : FF;
10961 : FF;
10962 : FF;
10963 : FF;
10964 : FF;
10965 : FF;
10966 : FF;
10967 : 73;
10968 : 73;
10969 : 73;
10970 : 73;
10971 : FF;
10972 : FF;
10973 : FF;
10974 : FF;
10975 : FF;
10976 : 73;
10977 : 73;
10978 : 73;
10979 : 73;
10980 : 73;
10981 : 73;
10982 : 73;
10983 : FF;
10984 : FF;
10985 : FF;
10986 : FF;
10987 : FF;
10988 : FF;
10989 : FF;
10990 : FF;
10991 : FF;
10992 : FF;
10993 : FF;
10994 : FF;
10995 : FF;
10996 : FF;
10997 : FF;
10998 : FF;
10999 : FF;
11000 : FF;
11001 : FF;
11002 : FF;
11003 : FF;
11004 : FF;
11005 : FF;
11006 : FF;
11007 : FF;
11008 : FF;
11009 : FF;
11010 : FF;
11011 : FF;
11012 : FF;
11013 : 73;
11014 : FF;
11015 : FF;
11016 : FF;
11017 : FF;
11018 : FF;
11019 : FF;
11020 : 73;
11021 : 73;
11022 : 73;
11023 : 73;
11024 : 73;
11025 : 73;
11026 : 73;
11027 : 73;
11028 : FF;
11029 : FF;
11030 : FF;
11031 : FF;
11032 : FF;
11033 : 73;
11034 : FF;
11035 : 73;
11036 : 73;
11037 : 73;
11038 : 73;
11039 : 73;
11040 : 73;
11041 : 73;
11042 : 73;
11043 : 73;
11044 : FF;
11045 : FF;
11046 : FF;
11047 : FF;
11048 : FF;
11049 : FF;
11050 : FF;
11051 : FF;
11052 : FF;
11053 : FF;
11054 : FF;
11055 : FF;
11056 : 73;
11057 : 73;
11058 : 73;
11059 : 73;
11060 : 73;
11061 : FF;
11062 : FF;
11063 : FF;
11064 : FF;
11065 : FF;
11066 : FF;
11067 : FF;
11068 : FF;
11069 : FF;
11070 : 73;
11071 : 73;
11072 : 73;
11073 : 73;
11074 : 73;
11075 : 73;
11076 : 73;
11077 : 73;
11078 : 73;
11079 : FF;
11080 : FF;
11081 : FF;
11082 : FF;
11083 : 73;
11084 : 73;
11085 : FF;
11086 : FF;
11087 : FF;
11088 : FF;
11089 : FF;
11090 : FF;
11091 : FF;
11092 : FF;
11093 : FF;
11094 : FF;
11095 : 73;
11096 : FF;
11097 : FF;
11098 : FF;
11099 : FF;
11100 : 73;
11101 : 73;
11102 : 73;
11103 : FF;
11104 : FF;
11105 : FF;
11106 : FF;
11107 : FF;
11108 : FF;
11109 : FF;
11110 : FF;
11111 : 73;
11112 : 73;
11113 : 73;
11114 : 73;
11115 : FF;
11116 : FF;
11117 : FF;
11118 : FF;
11119 : FF;
11120 : 73;
11121 : 73;
11122 : 73;
11123 : 73;
11124 : 73;
11125 : 73;
11126 : 73;
11127 : 73;
11128 : FF;
11129 : FF;
11130 : FF;
11131 : FF;
11132 : FF;
11133 : FF;
11134 : FF;
11135 : FF;
11136 : FF;
11137 : FF;
11138 : FF;
11139 : FF;
11140 : FF;
11141 : FF;
11142 : FF;
11143 : FF;
11144 : FF;
11145 : FF;
11146 : FF;
11147 : FF;
11148 : FF;
11149 : FF;
11150 : FF;
11151 : FF;
11152 : FF;
11153 : FF;
11154 : FF;
11155 : FF;
11156 : 73;
11157 : FF;
11158 : FF;
11159 : FF;
11160 : FF;
11161 : FF;
11162 : FF;
11163 : FF;
11164 : 73;
11165 : 73;
11166 : 73;
11167 : 73;
11168 : 73;
11169 : 73;
11170 : 73;
11171 : 73;
11172 : FF;
11173 : FF;
11174 : 73;
11175 : 73;
11176 : FF;
11177 : FF;
11178 : FF;
11179 : 73;
11180 : 73;
11181 : 73;
11182 : 73;
11183 : 73;
11184 : 73;
11185 : 73;
11186 : 73;
11187 : 73;
11188 : FF;
11189 : FF;
11190 : FF;
11191 : FF;
11192 : FF;
11193 : FF;
11194 : FF;
11195 : FF;
11196 : FF;
11197 : FF;
11198 : FF;
11199 : FF;
11200 : FF;
11201 : 73;
11202 : 73;
11203 : 73;
11204 : FF;
11205 : FF;
11206 : FF;
11207 : FF;
11208 : FF;
11209 : FF;
11210 : FF;
11211 : FF;
11212 : FF;
11213 : 73;
11214 : 73;
11215 : 73;
11216 : 73;
11217 : 73;
11218 : 73;
11219 : 73;
11220 : 73;
11221 : 73;
11222 : 73;
11223 : FF;
11224 : FF;
11225 : FF;
11226 : FF;
11227 : FF;
11228 : 73;
11229 : 73;
11230 : FF;
11231 : FF;
11232 : FF;
11233 : FF;
11234 : FF;
11235 : FF;
11236 : FF;
11237 : FF;
11238 : FF;
11239 : FF;
11240 : FF;
11241 : FF;
11242 : FF;
11243 : FF;
11244 : 73;
11245 : 73;
11246 : 73;
11247 : FF;
11248 : FF;
11249 : FF;
11250 : FF;
11251 : FF;
11252 : FF;
11253 : FF;
11254 : 73;
11255 : 73;
11256 : 73;
11257 : 73;
11258 : 73;
11259 : 73;
11260 : FF;
11261 : FF;
11262 : FF;
11263 : FF;
11264 : 73;
11265 : 73;
11266 : 73;
11267 : 73;
11268 : 73;
11269 : 73;
11270 : 73;
11271 : 73;
11272 : 73;
11273 : FF;
11274 : FF;
11275 : FF;
11276 : FF;
11277 : FF;
11278 : FF;
11279 : FF;
11280 : FF;
11281 : FF;
11282 : FF;
11283 : FF;
11284 : 73;
11285 : 73;
11286 : 73;
11287 : FF;
11288 : FF;
11289 : FF;
11290 : FF;
11291 : FF;
11292 : FF;
11293 : FF;
11294 : FF;
11295 : FF;
11296 : FF;
11297 : FF;
11298 : FF;
11299 : FF;
11300 : 73;
11301 : FF;
11302 : FF;
11303 : FF;
11304 : FF;
11305 : FF;
11306 : FF;
11307 : FF;
11308 : FF;
11309 : FF;
11310 : 73;
11311 : 73;
11312 : 73;
11313 : 73;
11314 : 73;
11315 : 73;
11316 : 73;
11317 : 73;
11318 : 73;
11319 : 73;
11320 : FF;
11321 : FF;
11322 : FF;
11323 : FF;
11324 : FF;
11325 : 73;
11326 : 73;
11327 : 73;
11328 : 73;
11329 : 73;
11330 : 73;
11331 : 73;
11332 : FF;
11333 : FF;
11334 : FF;
11335 : FF;
11336 : FF;
11337 : FF;
11338 : FF;
11339 : FF;
11340 : FF;
11341 : FF;
11342 : FF;
11343 : FF;
11344 : FF;
11345 : FF;
11346 : 73;
11347 : 73;
11348 : FF;
11349 : FF;
11350 : FF;
11351 : FF;
11352 : FF;
11353 : FF;
11354 : FF;
11355 : FF;
11356 : 73;
11357 : 73;
11358 : 73;
11359 : 73;
11360 : 73;
11361 : 73;
11362 : 73;
11363 : 73;
11364 : 73;
11365 : 73;
11366 : 73;
11367 : FF;
11368 : FF;
11369 : FF;
11370 : FF;
11371 : FF;
11372 : 73;
11373 : 73;
11374 : 73;
11375 : FF;
11376 : FF;
11377 : FF;
11378 : FF;
11379 : FF;
11380 : FF;
11381 : FF;
11382 : FF;
11383 : FF;
11384 : FF;
11385 : FF;
11386 : FF;
11387 : FF;
11388 : 73;
11389 : 73;
11390 : 73;
11391 : FF;
11392 : FF;
11393 : FF;
11394 : FF;
11395 : FF;
11396 : FF;
11397 : FF;
11398 : 73;
11399 : 73;
11400 : 73;
11401 : 73;
11402 : 73;
11403 : 73;
11404 : FF;
11405 : FF;
11406 : FF;
11407 : FF;
11408 : FF;
11409 : FF;
11410 : FF;
11411 : FF;
11412 : FF;
11413 : FF;
11414 : 73;
11415 : 73;
11416 : 73;
11417 : 73;
11418 : FF;
11419 : FF;
11420 : FF;
11421 : FF;
11422 : FF;
11423 : FF;
11424 : FF;
11425 : 73;
11426 : 73;
11427 : 73;
11428 : 73;
11429 : 73;
11430 : 73;
11431 : 73;
11432 : 73;
11433 : 73;
11434 : FF;
11435 : FF;
11436 : FF;
11437 : FF;
11438 : FF;
11439 : FF;
11440 : FF;
11441 : FF;
11442 : FF;
11443 : FF;
11444 : 73;
11445 : FF;
11446 : FF;
11447 : FF;
11448 : FF;
11449 : FF;
11450 : FF;
11451 : FF;
11452 : FF;
11453 : FF;
11454 : FF;
11455 : 73;
11456 : 73;
11457 : 73;
11458 : 73;
11459 : 73;
11460 : 73;
11461 : 73;
11462 : 73;
11463 : 73;
11464 : FF;
11465 : FF;
11466 : FF;
11467 : FF;
11468 : FF;
11469 : 73;
11470 : 73;
11471 : 73;
11472 : 73;
11473 : 73;
11474 : 73;
11475 : FF;
11476 : FF;
11477 : FF;
11478 : FF;
11479 : FF;
11480 : FF;
11481 : FF;
11482 : FF;
11483 : FF;
11484 : FF;
11485 : FF;
11486 : FF;
11487 : FF;
11488 : FF;
11489 : FF;
11490 : 73;
11491 : FF;
11492 : FF;
11493 : FF;
11494 : FF;
11495 : FF;
11496 : FF;
11497 : FF;
11498 : FF;
11499 : FF;
11500 : FF;
11501 : 73;
11502 : 73;
11503 : 73;
11504 : 73;
11505 : 73;
11506 : 73;
11507 : 73;
11508 : 73;
11509 : 73;
11510 : 73;
11511 : FF;
11512 : FF;
11513 : FF;
11514 : FF;
11515 : FF;
11516 : FF;
11517 : 73;
11518 : 73;
11519 : FF;
11520 : FF;
11521 : FF;
11522 : FF;
11523 : 73;
11524 : 73;
11525 : 73;
11526 : 73;
11527 : FF;
11528 : 73;
11529 : 73;
11530 : FF;
11531 : FF;
11532 : FF;
11533 : FF;
11534 : FF;
11535 : FF;
11536 : FF;
11537 : FF;
11538 : 73;
11539 : 73;
11540 : 73;
11541 : 73;
11542 : 73;
11543 : 73;
11544 : FF;
11545 : 73;
11546 : 73;
11547 : FF;
11548 : FF;
11549 : FF;
11550 : FF;
11551 : FF;
11552 : 73;
11553 : 73;
11554 : 73;
11555 : 73;
11556 : 73;
11557 : 73;
11558 : 73;
11559 : FF;
11560 : FF;
11561 : FF;
11562 : FF;
11563 : FF;
11564 : FF;
11565 : 73;
11566 : 73;
11567 : 73;
11568 : FF;
11569 : FF;
11570 : FF;
11571 : FF;
11572 : 73;
11573 : 73;
11574 : 73;
11575 : FF;
11576 : FF;
11577 : FF;
11578 : FF;
11579 : FF;
11580 : FF;
11581 : FF;
11582 : 73;
11583 : 73;
11584 : 73;
11585 : 73;
11586 : 73;
11587 : 73;
11588 : FF;
11589 : FF;
11590 : FF;
11591 : FF;
11592 : FF;
11593 : FF;
11594 : FF;
11595 : FF;
11596 : FF;
11597 : FF;
11598 : FF;
11599 : 73;
11600 : 73;
11601 : 73;
11602 : 73;
11603 : 73;
11604 : FF;
11605 : FF;
11606 : FF;
11607 : FF;
11608 : 73;
11609 : 73;
11610 : 73;
11611 : 73;
11612 : 73;
11613 : FF;
11614 : 73;
11615 : 73;
11616 : 73;
11617 : 73;
11618 : 73;
11619 : FF;
11620 : FF;
11621 : FF;
11622 : FF;
11623 : FF;
11624 : FF;
11625 : FF;
11626 : FF;
11627 : 73;
11628 : FF;
11629 : FF;
11630 : FF;
11631 : FF;
11632 : FF;
11633 : FF;
11634 : FF;
11635 : FF;
11636 : FF;
11637 : FF;
11638 : FF;
11639 : 73;
11640 : 73;
11641 : 73;
11642 : 73;
11643 : 73;
11644 : 73;
11645 : 73;
11646 : 73;
11647 : 73;
11648 : FF;
11649 : FF;
11650 : FF;
11651 : FF;
11652 : FF;
11653 : FF;
11654 : FF;
11655 : FF;
11656 : FF;
11657 : FF;
11658 : FF;
11659 : FF;
11660 : FF;
11661 : 73;
11662 : 73;
11663 : 73;
11664 : FF;
11665 : FF;
11666 : FF;
11667 : 73;
11668 : 73;
11669 : 73;
11670 : 73;
11671 : FF;
11672 : 73;
11673 : 73;
11674 : FF;
11675 : FF;
11676 : FF;
11677 : FF;
11678 : FF;
11679 : FF;
11680 : FF;
11681 : FF;
11682 : 73;
11683 : 73;
11684 : 73;
11685 : 73;
11686 : 73;
11687 : 73;
11688 : FF;
11689 : 73;
11690 : 73;
11691 : FF;
11692 : 73;
11693 : FF;
11694 : FF;
11695 : FF;
11696 : 73;
11697 : 73;
11698 : 73;
11699 : 73;
11700 : 73;
11701 : 73;
11702 : FF;
11703 : FF;
11704 : FF;
11705 : FF;
11706 : FF;
11707 : FF;
11708 : FF;
11709 : FF;
11710 : 73;
11711 : 73;
11712 : FF;
11713 : FF;
11714 : FF;
11715 : 73;
11716 : 73;
11717 : 73;
11718 : FF;
11719 : FF;
11720 : FF;
11721 : FF;
11722 : FF;
11723 : FF;
11724 : FF;
11725 : FF;
11726 : 73;
11727 : 73;
11728 : 73;
11729 : 73;
11730 : 73;
11731 : 73;
11732 : FF;
11733 : FF;
11734 : FF;
11735 : FF;
11736 : FF;
11737 : FF;
11738 : FF;
11739 : FF;
11740 : FF;
11741 : FF;
11742 : FF;
11743 : FF;
11744 : 73;
11745 : 73;
11746 : 73;
11747 : 73;
11748 : 73;
11749 : 73;
11750 : 73;
11751 : 73;
11752 : 73;
11753 : 73;
11754 : 73;
11755 : 73;
11756 : FF;
11757 : FF;
11758 : FF;
11759 : FF;
11760 : 73;
11761 : 73;
11762 : 73;
11763 : 73;
11764 : FF;
11765 : FF;
11766 : FF;
11767 : FF;
11768 : FF;
11769 : FF;
11770 : FF;
11771 : 73;
11772 : FF;
11773 : FF;
11774 : FF;
11775 : FF;
11776 : FF;
11777 : FF;
11778 : FF;
11779 : FF;
11780 : FF;
11781 : FF;
11782 : FF;
11783 : 73;
11784 : 73;
11785 : 73;
11786 : 73;
11787 : 73;
11788 : 73;
11789 : 73;
11790 : 73;
11791 : 73;
11792 : FF;
11793 : FF;
11794 : FF;
11795 : FF;
11796 : FF;
11797 : FF;
11798 : FF;
11799 : FF;
11800 : FF;
11801 : FF;
11802 : FF;
11803 : FF;
11804 : 73;
11805 : 73;
11806 : 73;
11807 : 73;
11808 : FF;
11809 : FF;
11810 : FF;
11811 : 73;
11812 : 73;
11813 : 73;
11814 : 73;
11815 : FF;
11816 : 73;
11817 : FF;
11818 : FF;
11819 : FF;
11820 : FF;
11821 : FF;
11822 : FF;
11823 : FF;
11824 : FF;
11825 : FF;
11826 : 73;
11827 : 73;
11828 : 73;
11829 : 73;
11830 : 73;
11831 : 73;
11832 : FF;
11833 : 73;
11834 : 73;
11835 : 73;
11836 : FF;
11837 : FF;
11838 : FF;
11839 : 73;
11840 : 73;
11841 : 73;
11842 : 73;
11843 : 73;
11844 : 73;
11845 : 73;
11846 : FF;
11847 : FF;
11848 : FF;
11849 : FF;
11850 : FF;
11851 : FF;
11852 : FF;
11853 : FF;
11854 : 73;
11855 : FF;
11856 : FF;
11857 : FF;
11858 : FF;
11859 : 73;
11860 : 73;
11861 : 73;
11862 : FF;
11863 : FF;
11864 : FF;
11865 : FF;
11866 : FF;
11867 : FF;
11868 : FF;
11869 : 73;
11870 : 73;
11871 : 73;
11872 : 73;
11873 : 73;
11874 : 73;
11875 : 73;
11876 : FF;
11877 : FF;
11878 : FF;
11879 : FF;
11880 : FF;
11881 : FF;
11882 : FF;
11883 : FF;
11884 : FF;
11885 : FF;
11886 : FF;
11887 : FF;
11888 : 73;
11889 : 73;
11890 : 73;
11891 : 73;
11892 : 73;
11893 : 73;
11894 : 73;
11895 : 73;
11896 : 73;
11897 : 73;
11898 : 73;
11899 : 73;
11900 : FF;
11901 : FF;
11902 : FF;
11903 : FF;
11904 : FF;
11905 : FF;
11906 : 73;
11907 : 73;
11908 : FF;
11909 : 73;
11910 : 73;
11911 : FF;
11912 : FF;
11913 : FF;
11914 : FF;
11915 : FF;
11916 : FF;
11917 : FF;
11918 : FF;
11919 : FF;
11920 : FF;
11921 : FF;
11922 : FF;
11923 : FF;
11924 : FF;
11925 : 73;
11926 : FF;
11927 : FF;
11928 : 73;
11929 : 73;
11930 : 73;
11931 : 73;
11932 : 73;
11933 : 73;
11934 : 73;
11935 : FF;
11936 : FF;
11937 : FF;
11938 : FF;
11939 : FF;
11940 : FF;
11941 : FF;
11942 : FF;
11943 : FF;
11944 : FF;
11945 : FF;
11946 : FF;
11947 : FF;
11948 : 73;
11949 : 73;
11950 : 73;
11951 : 73;
11952 : FF;
11953 : FF;
11954 : FF;
11955 : 73;
11956 : 73;
11957 : 73;
11958 : 73;
11959 : FF;
11960 : FF;
11961 : FF;
11962 : FF;
11963 : FF;
11964 : FF;
11965 : FF;
11966 : FF;
11967 : FF;
11968 : FF;
11969 : FF;
11970 : 73;
11971 : 73;
11972 : 73;
11973 : 73;
11974 : 73;
11975 : 73;
11976 : FF;
11977 : FF;
11978 : 73;
11979 : 73;
11980 : FF;
11981 : FF;
11982 : FF;
11983 : 73;
11984 : 73;
11985 : 73;
11986 : 73;
11987 : 73;
11988 : 73;
11989 : FF;
11990 : FF;
11991 : FF;
11992 : FF;
11993 : FF;
11994 : FF;
11995 : FF;
11996 : FF;
11997 : FF;
11998 : 73;
11999 : FF;
12000 : FF;
12001 : FF;
12002 : FF;
12003 : 73;
12004 : 73;
12005 : FF;
12006 : FF;
12007 : FF;
12008 : FF;
12009 : FF;
12010 : FF;
12011 : FF;
12012 : FF;
12013 : 73;
12014 : 73;
12015 : 73;
12016 : 73;
12017 : 73;
12018 : 73;
12019 : FF;
12020 : FF;
12021 : FF;
12022 : FF;
12023 : FF;
12024 : FF;
12025 : FF;
12026 : FF;
12027 : FF;
12028 : FF;
12029 : FF;
12030 : FF;
12031 : FF;
12032 : FF;
12033 : 73;
12034 : 73;
12035 : 73;
12036 : 73;
12037 : 73;
12038 : 73;
12039 : 73;
12040 : 73;
12041 : 73;
12042 : 73;
12043 : FF;
12044 : FF;
12045 : FF;
12046 : FF;
12047 : FF;
12048 : FF;
12049 : FF;
12050 : FF;
12051 : FF;
12052 : 73;
12053 : FF;
12054 : 73;
12055 : FF;
12056 : FF;
12057 : FF;
12058 : FF;
12059 : FF;
12060 : FF;
12061 : FF;
12062 : FF;
12063 : FF;
12064 : FF;
12065 : FF;
12066 : FF;
12067 : FF;
12068 : FF;
12069 : FF;
12070 : FF;
12071 : FF;
12072 : 73;
12073 : 73;
12074 : 73;
12075 : 73;
12076 : 73;
12077 : 73;
12078 : FF;
12079 : FF;
12080 : FF;
12081 : FF;
12082 : 73;
12083 : FF;
12084 : FF;
12085 : FF;
12086 : FF;
12087 : FF;
12088 : FF;
12089 : FF;
12090 : FF;
12091 : FF;
12092 : 73;
12093 : FF;
12094 : FF;
12095 : 73;
12096 : FF;
12097 : FF;
12098 : FF;
12099 : 73;
12100 : 73;
12101 : 73;
12102 : 73;
12103 : FF;
12104 : FF;
12105 : FF;
12106 : FF;
12107 : FF;
12108 : FF;
12109 : FF;
12110 : FF;
12111 : FF;
12112 : FF;
12113 : FF;
12114 : 73;
12115 : 73;
12116 : 73;
12117 : 73;
12118 : 73;
12119 : 73;
12120 : FF;
12121 : FF;
12122 : 73;
12123 : FF;
12124 : FF;
12125 : FF;
12126 : 73;
12127 : 73;
12128 : 73;
12129 : 73;
12130 : 73;
12131 : FF;
12132 : FF;
12133 : FF;
12134 : FF;
12135 : FF;
12136 : FF;
12137 : FF;
12138 : FF;
12139 : FF;
12140 : FF;
12141 : FF;
12142 : 73;
12143 : FF;
12144 : FF;
12145 : FF;
12146 : FF;
12147 : 73;
12148 : 73;
12149 : FF;
12150 : FF;
12151 : FF;
12152 : FF;
12153 : FF;
12154 : FF;
12155 : FF;
12156 : FF;
12157 : 73;
12158 : 73;
12159 : 73;
12160 : 73;
12161 : 73;
12162 : 73;
12163 : FF;
12164 : FF;
12165 : FF;
12166 : FF;
12167 : FF;
12168 : FF;
12169 : FF;
12170 : FF;
12171 : FF;
12172 : FF;
12173 : FF;
12174 : FF;
12175 : FF;
12176 : FF;
12177 : FF;
12178 : 73;
12179 : 73;
12180 : 73;
12181 : 73;
12182 : 73;
12183 : 73;
12184 : 73;
12185 : 73;
12186 : FF;
12187 : FF;
12188 : FF;
12189 : FF;
12190 : FF;
12191 : FF;
12192 : FF;
12193 : FF;
12194 : FF;
12195 : FF;
12196 : FF;
12197 : FF;
12198 : FF;
12199 : FF;
12200 : FF;
12201 : FF;
12202 : FF;
12203 : FF;
12204 : FF;
12205 : FF;
12206 : FF;
12207 : FF;
12208 : FF;
12209 : FF;
12210 : FF;
12211 : FF;
12212 : FF;
12213 : FF;
12214 : FF;
12215 : FF;
12216 : 73;
12217 : 73;
12218 : 73;
12219 : 73;
12220 : 73;
12221 : 73;
12222 : FF;
12223 : FF;
12224 : FF;
12225 : 73;
12226 : 73;
12227 : FF;
12228 : FF;
12229 : FF;
12230 : FF;
12231 : FF;
12232 : FF;
12233 : FF;
12234 : FF;
12235 : FF;
12236 : FF;
12237 : FF;
12238 : 73;
12239 : 73;
12240 : FF;
12241 : FF;
12242 : FF;
12243 : 73;
12244 : 73;
12245 : 73;
12246 : FF;
12247 : FF;
12248 : FF;
12249 : FF;
12250 : FF;
12251 : FF;
12252 : FF;
12253 : FF;
12254 : FF;
12255 : FF;
12256 : FF;
12257 : FF;
12258 : 73;
12259 : 73;
12260 : 73;
12261 : 73;
12262 : 73;
12263 : FF;
12264 : FF;
12265 : FF;
12266 : 73;
12267 : FF;
12268 : FF;
12269 : 73;
12270 : 73;
12271 : 73;
12272 : 73;
12273 : 73;
12274 : 73;
12275 : FF;
12276 : FF;
12277 : FF;
12278 : FF;
12279 : FF;
12280 : FF;
12281 : FF;
12282 : FF;
12283 : FF;
12284 : FF;
12285 : 73;
12286 : 73;
12287 : FF;
12288 : FF;
12289 : FF;
12290 : FF;
12291 : 73;
12292 : 73;
12293 : FF;
12294 : FF;
12295 : FF;
12296 : FF;
12297 : FF;
12298 : FF;
12299 : FF;
12300 : FF;
12301 : 73;
12302 : 73;
12303 : 73;
12304 : 73;
12305 : 73;
12306 : 73;
12307 : FF;
12308 : FF;
12309 : FF;
12310 : FF;
12311 : FF;
12312 : FF;
12313 : FF;
12314 : FF;
12315 : FF;
12316 : FF;
12317 : FF;
12318 : FF;
12319 : FF;
12320 : FF;
12321 : FF;
12322 : FF;
12323 : 73;
12324 : 73;
12325 : 73;
12326 : 73;
12327 : 73;
12328 : 73;
12329 : 73;
12330 : FF;
12331 : FF;
12332 : FF;
12333 : FF;
12334 : FF;
12335 : FF;
12336 : FF;
12337 : FF;
12338 : FF;
12339 : FF;
12340 : FF;
12341 : FF;
12342 : FF;
12343 : FF;
12344 : FF;
12345 : FF;
12346 : FF;
12347 : FF;
12348 : FF;
12349 : FF;
12350 : FF;
12351 : FF;
12352 : FF;
12353 : FF;
12354 : FF;
12355 : FF;
12356 : FF;
12357 : FF;
12358 : FF;
12359 : FF;
12360 : FF;
12361 : 73;
12362 : 73;
12363 : 73;
12364 : 73;
12365 : FF;
12366 : FF;
12367 : FF;
12368 : FF;
12369 : 73;
12370 : 73;
12371 : 73;
12372 : FF;
12373 : FF;
12374 : FF;
12375 : FF;
12376 : FF;
12377 : FF;
12378 : FF;
12379 : FF;
12380 : FF;
12381 : FF;
12382 : 73;
12383 : 73;
12384 : FF;
12385 : FF;
12386 : FF;
12387 : 73;
12388 : 73;
12389 : 73;
12390 : FF;
12391 : FF;
12392 : FF;
12393 : FF;
12394 : FF;
12395 : FF;
12396 : FF;
12397 : FF;
12398 : FF;
12399 : FF;
12400 : FF;
12401 : FF;
12402 : FF;
12403 : 73;
12404 : 73;
12405 : 73;
12406 : 73;
12407 : FF;
12408 : FF;
12409 : FF;
12410 : FF;
12411 : FF;
12412 : FF;
12413 : 73;
12414 : 73;
12415 : 73;
12416 : 73;
12417 : 73;
12418 : 73;
12419 : FF;
12420 : FF;
12421 : FF;
12422 : FF;
12423 : FF;
12424 : FF;
12425 : FF;
12426 : FF;
12427 : FF;
12428 : FF;
12429 : 73;
12430 : 73;
12431 : FF;
12432 : FF;
12433 : FF;
12434 : FF;
12435 : 73;
12436 : 73;
12437 : 73;
12438 : 73;
12439 : FF;
12440 : FF;
12441 : FF;
12442 : FF;
12443 : FF;
12444 : FF;
12445 : 73;
12446 : 73;
12447 : 73;
12448 : 73;
12449 : 73;
12450 : 73;
12451 : FF;
12452 : FF;
12453 : FF;
12454 : FF;
12455 : FF;
12456 : FF;
12457 : FF;
12458 : FF;
12459 : FF;
12460 : FF;
12461 : FF;
12462 : FF;
12463 : FF;
12464 : FF;
12465 : FF;
12466 : FF;
12467 : FF;
12468 : FF;
12469 : 73;
12470 : 73;
12471 : 73;
12472 : 73;
12473 : FF;
12474 : FF;
12475 : FF;
12476 : FF;
12477 : FF;
12478 : FF;
12479 : FF;
12480 : FF;
12481 : FF;
12482 : FF;
12483 : FF;
12484 : FF;
12485 : FF;
12486 : FF;
12487 : FF;
12488 : FF;
12489 : FF;
12490 : FF;
12491 : FF;
12492 : FF;
12493 : FF;
12494 : FF;
12495 : FF;
12496 : FF;
12497 : FF;
12498 : FF;
12499 : FF;
12500 : FF;
12501 : FF;
12502 : FF;
12503 : FF;
12504 : FF;
12505 : 73;
12506 : 73;
12507 : 73;
12508 : 73;
12509 : FF;
12510 : FF;
12511 : FF;
12512 : 73;
12513 : 73;
12514 : 73;
12515 : 73;
12516 : FF;
12517 : FF;
12518 : FF;
12519 : FF;
12520 : FF;
12521 : FF;
12522 : FF;
12523 : FF;
12524 : FF;
12525 : 73;
12526 : 73;
12527 : FF;
12528 : FF;
12529 : FF;
12530 : FF;
12531 : 73;
12532 : 73;
12533 : 73;
12534 : FF;
12535 : FF;
12536 : FF;
12537 : FF;
12538 : FF;
12539 : FF;
12540 : FF;
12541 : FF;
12542 : FF;
12543 : FF;
12544 : FF;
12545 : FF;
12546 : FF;
12547 : 73;
12548 : 73;
12549 : 73;
12550 : 73;
12551 : FF;
12552 : FF;
12553 : FF;
12554 : FF;
12555 : FF;
12556 : FF;
12557 : 73;
12558 : 73;
12559 : 73;
12560 : 73;
12561 : 73;
12562 : 73;
12563 : 73;
12564 : FF;
12565 : FF;
12566 : FF;
12567 : FF;
12568 : FF;
12569 : FF;
12570 : FF;
12571 : FF;
12572 : FF;
12573 : FF;
12574 : 73;
12575 : 73;
12576 : FF;
12577 : FF;
12578 : FF;
12579 : 73;
12580 : 73;
12581 : 73;
12582 : 73;
12583 : FF;
12584 : FF;
12585 : FF;
12586 : FF;
12587 : FF;
12588 : FF;
12589 : 73;
12590 : 73;
12591 : 73;
12592 : 73;
12593 : 73;
12594 : 73;
12595 : FF;
12596 : FF;
12597 : FF;
12598 : FF;
12599 : FF;
12600 : FF;
12601 : FF;
12602 : FF;
12603 : FF;
12604 : FF;
12605 : FF;
12606 : FF;
12607 : FF;
12608 : FF;
12609 : FF;
12610 : FF;
12611 : FF;
12612 : FF;
12613 : FF;
12614 : FF;
12615 : 73;
12616 : 73;
12617 : FF;
12618 : FF;
12619 : FF;
12620 : FF;
12621 : FF;
12622 : FF;
12623 : FF;
12624 : FF;
12625 : FF;
12626 : FF;
12627 : FF;
12628 : FF;
12629 : FF;
12630 : FF;
12631 : FF;
12632 : FF;
12633 : FF;
12634 : FF;
12635 : 73;
12636 : FF;
12637 : FF;
12638 : FF;
12639 : FF;
12640 : FF;
12641 : FF;
12642 : FF;
12643 : FF;
12644 : FF;
12645 : FF;
12646 : FF;
12647 : FF;
12648 : FF;
12649 : FF;
12650 : 73;
12651 : 73;
12652 : 73;
12653 : FF;
12654 : FF;
12655 : FF;
12656 : 73;
12657 : 73;
12658 : 73;
12659 : 73;
12660 : 73;
12661 : FF;
12662 : FF;
12663 : FF;
12664 : FF;
12665 : FF;
12666 : FF;
12667 : FF;
12668 : FF;
12669 : FF;
12670 : FF;
12671 : FF;
12672 : 73;
12673 : 73;
12674 : 73;
12675 : FF;
12676 : FF;
12677 : FF;
12678 : FF;
12679 : FF;
12680 : FF;
12681 : FF;
12682 : FF;
12683 : FF;
12684 : FF;
12685 : FF;
12686 : FF;
12687 : FF;
12688 : FF;
12689 : FF;
12690 : FF;
12691 : FF;
12692 : FF;
12693 : FF;
12694 : 73;
12695 : 73;
12696 : 73;
12697 : 73;
12698 : 73;
12699 : 73;
12700 : 73;
12701 : 73;
12702 : 73;
12703 : 73;
12704 : 73;
12705 : 73;
12706 : 73;
12707 : 73;
12708 : 73;
12709 : 73;
12710 : 73;
12711 : FF;
12712 : FF;
12713 : FF;
12714 : FF;
12715 : FF;
12716 : FF;
12717 : FF;
12718 : FF;
12719 : FF;
12720 : FF;
12721 : FF;
12722 : FF;
12723 : FF;
12724 : FF;
12725 : 73;
12726 : 73;
12727 : 73;
12728 : FF;
12729 : FF;
12730 : FF;
12731 : FF;
12732 : FF;
12733 : FF;
12734 : FF;
12735 : FF;
12736 : FF;
12737 : FF;
12738 : FF;
12739 : FF;
12740 : FF;
12741 : FF;
12742 : FF;
12743 : FF;
12744 : FF;
12745 : FF;
12746 : FF;
12747 : 73;
12748 : 73;
12749 : 73;
12750 : FF;
12751 : FF;
12752 : FF;
12753 : FF;
12754 : FF;
12755 : FF;
12756 : FF;
12757 : FF;
12758 : FF;
12759 : FF;
12760 : FF;
12761 : FF;
12762 : FF;
12763 : FF;
12764 : FF;
12765 : FF;
12766 : FF;
12767 : FF;
12768 : FF;
12769 : FF;
12770 : FF;
12771 : 73;
12772 : 73;
12773 : 73;
12774 : 73;
12775 : FF;
12776 : FF;
12777 : FF;
12778 : FF;
12779 : FF;
12780 : FF;
12781 : FF;
12782 : FF;
12783 : FF;
12784 : FF;
12785 : FF;
12786 : FF;
12787 : FF;
12788 : FF;
12789 : FF;
12790 : FF;
12791 : FF;
12792 : FF;
12793 : FF;
12794 : 73;
12795 : 73;
12796 : FF;
12797 : FF;
12798 : FF;
12799 : FF;
12800 : FF;
12801 : FF;
12802 : FF;
12803 : FF;
12804 : 73;
12805 : 73;
12806 : 73;
12807 : 73;
12808 : 73;
12809 : 73;
12810 : 73;
12811 : 73;
12812 : FF;
12813 : FF;
12814 : FF;
12815 : FF;
12816 : 73;
12817 : 73;
12818 : FF;
12819 : FF;
12820 : FF;
12821 : FF;
12822 : FF;
12823 : FF;
12824 : FF;
12825 : FF;
12826 : FF;
12827 : FF;
12828 : FF;
12829 : FF;
12830 : FF;
12831 : FF;
12832 : FF;
12833 : FF;
12834 : FF;
12835 : FF;
12836 : FF;
12837 : FF;
12838 : 73;
12839 : 73;
12840 : 73;
12841 : 73;
12842 : 73;
12843 : 73;
12844 : 73;
12845 : 73;
12846 : 73;
12847 : 73;
12848 : 73;
12849 : 73;
12850 : 73;
12851 : 73;
12852 : 73;
12853 : 73;
12854 : 73;
12855 : FF;
12856 : FF;
12857 : FF;
12858 : FF;
12859 : FF;
12860 : FF;
12861 : FF;
12862 : FF;
12863 : FF;
12864 : FF;
12865 : FF;
12866 : FF;
12867 : FF;
12868 : FF;
12869 : FF;
12870 : 73;
12871 : 73;
12872 : FF;
12873 : FF;
12874 : FF;
12875 : FF;
12876 : FF;
12877 : FF;
12878 : FF;
12879 : FF;
12880 : FF;
12881 : FF;
12882 : FF;
12883 : FF;
12884 : FF;
12885 : FF;
12886 : FF;
12887 : FF;
12888 : FF;
12889 : FF;
12890 : FF;
12891 : 73;
12892 : 73;
12893 : 73;
12894 : FF;
12895 : FF;
12896 : FF;
12897 : FF;
12898 : FF;
12899 : FF;
12900 : FF;
12901 : FF;
12902 : FF;
12903 : FF;
12904 : FF;
12905 : FF;
12906 : FF;
12907 : FF;
12908 : FF;
12909 : FF;
12910 : FF;
12911 : FF;
12912 : FF;
12913 : FF;
12914 : FF;
12915 : FF;
12916 : 73;
12917 : 73;
12918 : 73;
12919 : FF;
12920 : FF;
12921 : FF;
12922 : FF;
12923 : FF;
12924 : FF;
12925 : FF;
12926 : FF;
12927 : FF;
12928 : FF;
12929 : FF;
12930 : FF;
12931 : FF;
12932 : FF;
12933 : FF;
12934 : FF;
12935 : FF;
12936 : FF;
12937 : 73;
12938 : 73;
12939 : 73;
12940 : 73;
12941 : 73;
12942 : FF;
12943 : FF;
12944 : FF;
12945 : FF;
12946 : FF;
12947 : FF;
12948 : 73;
12949 : 73;
12950 : 73;
12951 : 73;
12952 : 73;
12953 : 73;
12954 : 73;
12955 : 73;
12956 : FF;
12957 : FF;
12958 : FF;
12959 : FF;
12960 : 73;
12961 : 73;
12962 : FF;
12963 : FF;
12964 : FF;
12965 : FF;
12966 : FF;
12967 : FF;
12968 : FF;
12969 : FF;
12970 : FF;
12971 : FF;
12972 : FF;
12973 : FF;
12974 : FF;
12975 : FF;
12976 : FF;
12977 : FF;
12978 : FF;
12979 : FF;
12980 : FF;
12981 : FF;
12982 : FF;
12983 : 73;
12984 : 73;
12985 : 73;
12986 : 73;
12987 : 73;
12988 : 73;
12989 : 73;
12990 : 73;
12991 : 73;
12992 : 73;
12993 : 73;
12994 : 73;
12995 : 73;
12996 : 73;
12997 : 73;
12998 : 73;
12999 : 73;
13000 : FF;
13001 : FF;
13002 : FF;
13003 : FF;
13004 : FF;
13005 : FF;
13006 : FF;
13007 : FF;
13008 : FF;
13009 : FF;
13010 : FF;
13011 : FF;
13012 : FF;
13013 : FF;
13014 : 73;
13015 : 73;
13016 : 73;
13017 : FF;
13018 : FF;
13019 : FF;
13020 : FF;
13021 : FF;
13022 : FF;
13023 : FF;
13024 : FF;
13025 : FF;
13026 : FF;
13027 : FF;
13028 : FF;
13029 : FF;
13030 : FF;
13031 : FF;
13032 : FF;
13033 : FF;
13034 : 73;
13035 : 73;
13036 : 73;
13037 : FF;
13038 : FF;
13039 : FF;
13040 : FF;
13041 : FF;
13042 : FF;
13043 : FF;
13044 : FF;
13045 : FF;
13046 : FF;
13047 : FF;
13048 : FF;
13049 : FF;
13050 : FF;
13051 : FF;
13052 : FF;
13053 : FF;
13054 : FF;
13055 : FF;
13056 : FF;
13057 : FF;
13058 : FF;
13059 : FF;
13060 : 73;
13061 : 73;
13062 : 73;
13063 : FF;
13064 : FF;
13065 : FF;
13066 : FF;
13067 : FF;
13068 : FF;
13069 : FF;
13070 : FF;
13071 : FF;
13072 : FF;
13073 : FF;
13074 : FF;
13075 : FF;
13076 : FF;
13077 : FF;
13078 : FF;
13079 : FF;
13080 : FF;
13081 : 73;
13082 : 73;
13083 : 73;
13084 : 73;
13085 : 73;
13086 : 73;
13087 : FF;
13088 : FF;
13089 : FF;
13090 : FF;
13091 : 73;
13092 : 73;
13093 : 73;
13094 : 73;
13095 : 73;
13096 : 73;
13097 : 73;
13098 : 73;
13099 : 73;
13100 : 73;
13101 : FF;
13102 : FF;
13103 : FF;
13104 : 73;
13105 : FF;
13106 : FF;
13107 : FF;
13108 : FF;
13109 : FF;
13110 : FF;
13111 : FF;
13112 : FF;
13113 : FF;
13114 : FF;
13115 : FF;
13116 : FF;
13117 : FF;
13118 : FF;
13119 : FF;
13120 : FF;
13121 : FF;
13122 : FF;
13123 : FF;
13124 : FF;
13125 : FF;
13126 : FF;
13127 : 73;
13128 : 73;
13129 : 73;
13130 : 73;
13131 : 73;
13132 : 73;
13133 : 73;
13134 : 73;
13135 : 73;
13136 : 73;
13137 : 73;
13138 : 73;
13139 : 73;
13140 : 73;
13141 : 73;
13142 : 73;
13143 : 73;
13144 : 73;
13145 : 73;
13146 : 73;
13147 : 73;
13148 : FF;
13149 : FF;
13150 : FF;
13151 : FF;
13152 : FF;
13153 : FF;
13154 : FF;
13155 : FF;
13156 : FF;
13157 : FF;
13158 : FF;
13159 : 73;
13160 : 73;
13161 : 73;
13162 : FF;
13163 : FF;
13164 : FF;
13165 : FF;
13166 : FF;
13167 : FF;
13168 : FF;
13169 : FF;
13170 : FF;
13171 : FF;
13172 : FF;
13173 : FF;
13174 : FF;
13175 : FF;
13176 : FF;
13177 : FF;
13178 : 73;
13179 : 73;
13180 : 73;
13181 : FF;
13182 : FF;
13183 : FF;
13184 : FF;
13185 : FF;
13186 : FF;
13187 : FF;
13188 : FF;
13189 : FF;
13190 : FF;
13191 : FF;
13192 : FF;
13193 : FF;
13194 : 73;
13195 : 73;
13196 : FF;
13197 : FF;
13198 : FF;
13199 : FF;
13200 : FF;
13201 : FF;
13202 : FF;
13203 : FF;
13204 : FF;
13205 : 73;
13206 : 73;
13207 : 73;
13208 : FF;
13209 : FF;
13210 : FF;
13211 : FF;
13212 : FF;
13213 : FF;
13214 : FF;
13215 : FF;
13216 : FF;
13217 : FF;
13218 : FF;
13219 : FF;
13220 : FF;
13221 : FF;
13222 : FF;
13223 : FF;
13224 : 73;
13225 : 73;
13226 : 73;
13227 : 73;
13228 : 73;
13229 : 73;
13230 : 73;
13231 : 73;
13232 : FF;
13233 : FF;
13234 : FF;
13235 : 73;
13236 : 73;
13237 : 73;
13238 : 73;
13239 : 73;
13240 : 73;
13241 : 73;
13242 : 73;
13243 : 73;
13244 : 73;
13245 : FF;
13246 : FF;
13247 : FF;
13248 : FF;
13249 : FF;
13250 : FF;
13251 : FF;
13252 : FF;
13253 : FF;
13254 : FF;
13255 : FF;
13256 : FF;
13257 : FF;
13258 : FF;
13259 : FF;
13260 : FF;
13261 : FF;
13262 : FF;
13263 : FF;
13264 : FF;
13265 : FF;
13266 : FF;
13267 : FF;
13268 : FF;
13269 : FF;
13270 : FF;
13271 : FF;
13272 : 73;
13273 : 73;
13274 : 73;
13275 : 73;
13276 : 73;
13277 : 73;
13278 : 73;
13279 : 73;
13280 : 73;
13281 : 73;
13282 : 73;
13283 : 73;
13284 : 73;
13285 : 73;
13286 : 73;
13287 : 73;
13288 : 73;
13289 : 73;
13290 : 73;
13291 : FF;
13292 : FF;
13293 : FF;
13294 : FF;
13295 : FF;
13296 : FF;
13297 : FF;
13298 : FF;
13299 : FF;
13300 : FF;
13301 : FF;
13302 : FF;
13303 : FF;
13304 : 73;
13305 : 73;
13306 : FF;
13307 : FF;
13308 : FF;
13309 : FF;
13310 : FF;
13311 : FF;
13312 : FF;
13313 : FF;
13314 : FF;
13315 : FF;
13316 : FF;
13317 : FF;
13318 : FF;
13319 : FF;
13320 : FF;
13321 : 73;
13322 : 73;
13323 : 73;
13324 : FF;
13325 : FF;
13326 : FF;
13327 : FF;
13328 : FF;
13329 : FF;
13330 : FF;
13331 : FF;
13332 : FF;
13333 : FF;
13334 : FF;
13335 : FF;
13336 : 73;
13337 : 73;
13338 : 73;
13339 : 73;
13340 : FF;
13341 : FF;
13342 : FF;
13343 : FF;
13344 : FF;
13345 : FF;
13346 : FF;
13347 : FF;
13348 : FF;
13349 : FF;
13350 : 73;
13351 : 73;
13352 : FF;
13353 : FF;
13354 : FF;
13355 : FF;
13356 : FF;
13357 : FF;
13358 : FF;
13359 : FF;
13360 : FF;
13361 : FF;
13362 : FF;
13363 : FF;
13364 : FF;
13365 : FF;
13366 : FF;
13367 : 73;
13368 : 73;
13369 : 73;
13370 : 73;
13371 : 73;
13372 : 73;
13373 : 73;
13374 : 73;
13375 : FF;
13376 : FF;
13377 : FF;
13378 : FF;
13379 : FF;
13380 : 73;
13381 : 73;
13382 : 73;
13383 : 73;
13384 : 73;
13385 : 73;
13386 : 73;
13387 : 73;
13388 : 73;
13389 : FF;
13390 : FF;
13391 : FF;
13392 : FF;
13393 : FF;
13394 : FF;
13395 : FF;
13396 : FF;
13397 : FF;
13398 : FF;
13399 : FF;
13400 : FF;
13401 : FF;
13402 : FF;
13403 : FF;
13404 : 73;
13405 : FF;
13406 : FF;
13407 : FF;
13408 : FF;
13409 : FF;
13410 : FF;
13411 : FF;
13412 : FF;
13413 : FF;
13414 : FF;
13415 : FF;
13416 : FF;
13417 : 73;
13418 : 73;
13419 : 73;
13420 : 73;
13421 : 73;
13422 : 73;
13423 : 73;
13424 : 73;
13425 : 73;
13426 : 73;
13427 : 73;
13428 : 73;
13429 : 73;
13430 : 73;
13431 : 73;
13432 : 73;
13433 : 73;
13434 : 73;
13435 : FF;
13436 : FF;
13437 : FF;
13438 : FF;
13439 : FF;
13440 : FF;
13441 : FF;
13442 : FF;
13443 : FF;
13444 : FF;
13445 : FF;
13446 : FF;
13447 : FF;
13448 : 73;
13449 : 73;
13450 : 73;
13451 : FF;
13452 : FF;
13453 : FF;
13454 : FF;
13455 : FF;
13456 : FF;
13457 : FF;
13458 : FF;
13459 : FF;
13460 : FF;
13461 : FF;
13462 : FF;
13463 : FF;
13464 : FF;
13465 : 73;
13466 : 73;
13467 : FF;
13468 : FF;
13469 : FF;
13470 : FF;
13471 : FF;
13472 : FF;
13473 : FF;
13474 : FF;
13475 : FF;
13476 : FF;
13477 : 73;
13478 : FF;
13479 : FF;
13480 : FF;
13481 : 73;
13482 : 73;
13483 : FF;
13484 : FF;
13485 : FF;
13486 : FF;
13487 : FF;
13488 : FF;
13489 : FF;
13490 : FF;
13491 : FF;
13492 : FF;
13493 : FF;
13494 : 73;
13495 : 73;
13496 : 73;
13497 : FF;
13498 : FF;
13499 : FF;
13500 : FF;
13501 : FF;
13502 : FF;
13503 : FF;
13504 : FF;
13505 : FF;
13506 : FF;
13507 : FF;
13508 : FF;
13509 : FF;
13510 : FF;
13511 : 73;
13512 : 73;
13513 : 73;
13514 : 73;
13515 : 73;
13516 : 73;
13517 : 73;
13518 : FF;
13519 : FF;
13520 : FF;
13521 : FF;
13522 : FF;
13523 : FF;
13524 : 73;
13525 : 73;
13526 : 73;
13527 : 73;
13528 : 73;
13529 : 73;
13530 : 73;
13531 : 73;
13532 : 73;
13533 : 73;
13534 : FF;
13535 : FF;
13536 : FF;
13537 : FF;
13538 : FF;
13539 : FF;
13540 : FF;
13541 : FF;
13542 : FF;
13543 : FF;
13544 : FF;
13545 : FF;
13546 : FF;
13547 : 73;
13548 : 73;
13549 : 73;
13550 : FF;
13551 : FF;
13552 : FF;
13553 : FF;
13554 : FF;
13555 : FF;
13556 : FF;
13557 : FF;
13558 : FF;
13559 : FF;
13560 : FF;
13561 : FF;
13562 : 73;
13563 : 73;
13564 : 73;
13565 : 73;
13566 : 73;
13567 : 73;
13568 : 73;
13569 : 73;
13570 : 73;
13571 : 73;
13572 : 73;
13573 : 73;
13574 : 73;
13575 : 73;
13576 : 73;
13577 : 73;
13578 : FF;
13579 : FF;
13580 : FF;
13581 : FF;
13582 : FF;
13583 : FF;
13584 : FF;
13585 : FF;
13586 : FF;
13587 : FF;
13588 : FF;
13589 : FF;
13590 : FF;
13591 : FF;
13592 : FF;
13593 : 73;
13594 : 73;
13595 : FF;
13596 : FF;
13597 : FF;
13598 : FF;
13599 : FF;
13600 : FF;
13601 : FF;
13602 : FF;
13603 : FF;
13604 : FF;
13605 : 73;
13606 : FF;
13607 : FF;
13608 : 73;
13609 : 73;
13610 : 73;
13611 : FF;
13612 : FF;
13613 : FF;
13614 : FF;
13615 : FF;
13616 : FF;
13617 : FF;
13618 : FF;
13619 : FF;
13620 : 73;
13621 : FF;
13622 : FF;
13623 : FF;
13624 : 73;
13625 : 73;
13626 : 73;
13627 : FF;
13628 : FF;
13629 : FF;
13630 : FF;
13631 : FF;
13632 : FF;
13633 : FF;
13634 : FF;
13635 : FF;
13636 : FF;
13637 : FF;
13638 : FF;
13639 : 73;
13640 : 73;
13641 : 73;
13642 : FF;
13643 : FF;
13644 : FF;
13645 : FF;
13646 : FF;
13647 : FF;
13648 : FF;
13649 : FF;
13650 : FF;
13651 : FF;
13652 : FF;
13653 : FF;
13654 : 73;
13655 : 73;
13656 : 73;
13657 : 73;
13658 : 73;
13659 : 73;
13660 : 73;
13661 : FF;
13662 : FF;
13663 : 73;
13664 : FF;
13665 : FF;
13666 : FF;
13667 : FF;
13668 : 73;
13669 : 73;
13670 : 73;
13671 : 73;
13672 : 73;
13673 : 73;
13674 : 73;
13675 : 73;
13676 : 73;
13677 : 73;
13678 : FF;
13679 : FF;
13680 : FF;
13681 : FF;
13682 : FF;
13683 : FF;
13684 : FF;
13685 : FF;
13686 : FF;
13687 : FF;
13688 : FF;
13689 : FF;
13690 : 73;
13691 : 73;
13692 : 73;
13693 : 73;
13694 : FF;
13695 : FF;
13696 : FF;
13697 : FF;
13698 : FF;
13699 : FF;
13700 : FF;
13701 : FF;
13702 : FF;
13703 : FF;
13704 : FF;
13705 : 73;
13706 : 73;
13707 : 73;
13708 : 73;
13709 : 73;
13710 : 73;
13711 : 73;
13712 : 73;
13713 : 73;
13714 : 73;
13715 : 73;
13716 : 73;
13717 : 73;
13718 : 73;
13719 : 73;
13720 : 73;
13721 : FF;
13722 : FF;
13723 : FF;
13724 : FF;
13725 : FF;
13726 : FF;
13727 : FF;
13728 : FF;
13729 : FF;
13730 : FF;
13731 : FF;
13732 : FF;
13733 : FF;
13734 : FF;
13735 : FF;
13736 : FF;
13737 : FF;
13738 : FF;
13739 : FF;
13740 : FF;
13741 : FF;
13742 : FF;
13743 : FF;
13744 : FF;
13745 : FF;
13746 : FF;
13747 : FF;
13748 : FF;
13749 : 73;
13750 : FF;
13751 : FF;
13752 : 73;
13753 : 73;
13754 : FF;
13755 : FF;
13756 : FF;
13757 : FF;
13758 : FF;
13759 : FF;
13760 : FF;
13761 : FF;
13762 : FF;
13763 : FF;
13764 : FF;
13765 : FF;
13766 : FF;
13767 : FF;
13768 : 73;
13769 : 73;
13770 : FF;
13771 : FF;
13772 : FF;
13773 : FF;
13774 : FF;
13775 : FF;
13776 : FF;
13777 : FF;
13778 : FF;
13779 : FF;
13780 : FF;
13781 : FF;
13782 : FF;
13783 : FF;
13784 : 73;
13785 : 73;
13786 : 73;
13787 : FF;
13788 : FF;
13789 : FF;
13790 : FF;
13791 : FF;
13792 : FF;
13793 : FF;
13794 : FF;
13795 : FF;
13796 : FF;
13797 : FF;
13798 : FF;
13799 : 73;
13800 : 73;
13801 : 73;
13802 : 73;
13803 : 73;
13804 : FF;
13805 : FF;
13806 : 73;
13807 : 73;
13808 : FF;
13809 : FF;
13810 : FF;
13811 : FF;
13812 : 73;
13813 : 73;
13814 : 73;
13815 : 73;
13816 : 73;
13817 : 73;
13818 : 73;
13819 : 73;
13820 : 73;
13821 : 73;
13822 : FF;
13823 : FF;
13824 : FF;
13825 : FF;
13826 : FF;
13827 : FF;
13828 : FF;
13829 : FF;
13830 : FF;
13831 : 73;
13832 : 73;
13833 : FF;
13834 : FF;
13835 : FF;
13836 : FF;
13837 : FF;
13838 : FF;
13839 : FF;
13840 : FF;
13841 : FF;
13842 : FF;
13843 : 73;
13844 : 73;
13845 : 73;
13846 : 73;
13847 : FF;
13848 : FF;
13849 : FF;
13850 : FF;
13851 : FF;
13852 : FF;
13853 : 73;
13854 : 73;
13855 : 73;
13856 : 73;
13857 : 73;
13858 : 73;
13859 : FF;
13860 : FF;
13861 : FF;
13862 : FF;
13863 : FF;
13864 : FF;
13865 : FF;
13866 : FF;
13867 : FF;
13868 : FF;
13869 : FF;
13870 : FF;
13871 : FF;
13872 : FF;
13873 : FF;
13874 : FF;
13875 : FF;
13876 : FF;
13877 : FF;
13878 : FF;
13879 : FF;
13880 : FF;
13881 : FF;
13882 : 73;
13883 : 73;
13884 : 73;
13885 : FF;
13886 : FF;
13887 : FF;
13888 : FF;
13889 : FF;
13890 : 73;
13891 : 73;
13892 : 73;
13893 : FF;
13894 : FF;
13895 : 73;
13896 : 73;
13897 : 73;
13898 : 73;
13899 : 73;
13900 : 73;
13901 : 73;
13902 : 73;
13903 : FF;
13904 : FF;
13905 : FF;
13906 : FF;
13907 : FF;
13908 : FF;
13909 : FF;
13910 : FF;
13911 : FF;
13912 : 73;
13913 : 73;
13914 : 73;
13915 : 73;
13916 : 73;
13917 : 73;
13918 : 73;
13919 : FF;
13920 : FF;
13921 : FF;
13922 : FF;
13923 : FF;
13924 : FF;
13925 : FF;
13926 : FF;
13927 : FF;
13928 : FF;
13929 : FF;
13930 : FF;
13931 : FF;
13932 : FF;
13933 : FF;
13934 : FF;
13935 : FF;
13936 : FF;
13937 : FF;
13938 : 73;
13939 : 73;
13940 : 73;
13941 : 73;
13942 : 73;
13943 : 73;
13944 : 73;
13945 : 73;
13946 : 73;
13947 : 73;
13948 : 73;
13949 : 73;
13950 : 73;
13951 : 73;
13952 : 73;
13953 : FF;
13954 : FF;
13955 : FF;
13956 : FF;
13957 : FF;
13958 : FF;
13959 : FF;
13960 : FF;
13961 : FF;
13962 : FF;
13963 : FF;
13964 : 73;
13965 : FF;
13966 : FF;
13967 : 73;
13968 : FF;
13969 : FF;
13970 : FF;
13971 : FF;
13972 : FF;
13973 : FF;
13974 : FF;
13975 : 73;
13976 : 73;
13977 : 73;
13978 : FF;
13979 : FF;
13980 : FF;
13981 : FF;
13982 : FF;
13983 : FF;
13984 : FF;
13985 : FF;
13986 : FF;
13987 : 73;
13988 : 73;
13989 : 73;
13990 : 73;
13991 : FF;
13992 : FF;
13993 : FF;
13994 : FF;
13995 : FF;
13996 : 73;
13997 : 73;
13998 : 73;
13999 : 73;
14000 : 73;
14001 : 73;
14002 : FF;
14003 : FF;
14004 : FF;
14005 : FF;
14006 : FF;
14007 : FF;
14008 : FF;
14009 : FF;
14010 : FF;
14011 : FF;
14012 : FF;
14013 : FF;
14014 : FF;
14015 : FF;
14016 : FF;
14017 : FF;
14018 : FF;
14019 : FF;
14020 : 73;
14021 : FF;
14022 : FF;
14023 : FF;
14024 : FF;
14025 : FF;
14026 : 73;
14027 : 73;
14028 : 73;
14029 : FF;
14030 : FF;
14031 : FF;
14032 : FF;
14033 : FF;
14034 : FF;
14035 : 73;
14036 : FF;
14037 : FF;
14038 : 73;
14039 : 73;
14040 : 73;
14041 : 73;
14042 : 73;
14043 : 73;
14044 : 73;
14045 : 73;
14046 : 73;
14047 : FF;
14048 : FF;
14049 : FF;
14050 : FF;
14051 : FF;
14052 : FF;
14053 : FF;
14054 : FF;
14055 : 73;
14056 : 73;
14057 : 73;
14058 : 73;
14059 : 73;
14060 : 73;
14061 : 73;
14062 : 73;
14063 : 73;
14064 : FF;
14065 : FF;
14066 : FF;
14067 : FF;
14068 : FF;
14069 : FF;
14070 : FF;
14071 : FF;
14072 : FF;
14073 : FF;
14074 : FF;
14075 : FF;
14076 : FF;
14077 : FF;
14078 : FF;
14079 : FF;
14080 : FF;
14081 : FF;
14082 : FF;
14083 : 73;
14084 : 73;
14085 : 73;
14086 : 73;
14087 : 73;
14088 : 73;
14089 : 73;
14090 : 73;
14091 : 73;
14092 : 73;
14093 : 73;
14094 : 73;
14095 : 73;
14096 : FF;
14097 : FF;
14098 : FF;
14099 : FF;
14100 : FF;
14101 : FF;
14102 : FF;
14103 : FF;
14104 : FF;
14105 : FF;
14106 : FF;
14107 : FF;
14108 : 73;
14109 : FF;
14110 : FF;
14111 : 73;
14112 : FF;
14113 : FF;
14114 : FF;
14115 : FF;
14116 : FF;
14117 : FF;
14118 : FF;
14119 : FF;
14120 : 73;
14121 : 73;
14122 : FF;
14123 : FF;
14124 : FF;
14125 : FF;
14126 : FF;
14127 : FF;
14128 : FF;
14129 : FF;
14130 : FF;
14131 : FF;
14132 : 73;
14133 : 73;
14134 : 73;
14135 : FF;
14136 : FF;
14137 : FF;
14138 : FF;
14139 : FF;
14140 : 73;
14141 : 73;
14142 : 73;
14143 : 73;
14144 : 73;
14145 : 73;
14146 : FF;
14147 : FF;
14148 : FF;
14149 : FF;
14150 : FF;
14151 : FF;
14152 : FF;
14153 : FF;
14154 : FF;
14155 : FF;
14156 : FF;
14157 : FF;
14158 : FF;
14159 : FF;
14160 : FF;
14161 : FF;
14162 : FF;
14163 : 73;
14164 : 73;
14165 : FF;
14166 : FF;
14167 : FF;
14168 : FF;
14169 : FF;
14170 : FF;
14171 : 73;
14172 : 73;
14173 : 73;
14174 : FF;
14175 : FF;
14176 : FF;
14177 : FF;
14178 : FF;
14179 : FF;
14180 : FF;
14181 : FF;
14182 : 73;
14183 : 73;
14184 : 73;
14185 : 73;
14186 : 73;
14187 : 73;
14188 : 73;
14189 : 73;
14190 : 73;
14191 : FF;
14192 : FF;
14193 : FF;
14194 : FF;
14195 : FF;
14196 : FF;
14197 : FF;
14198 : 73;
14199 : 73;
14200 : 73;
14201 : 73;
14202 : 73;
14203 : 73;
14204 : 73;
14205 : 73;
14206 : 73;
14207 : 73;
14208 : FF;
14209 : FF;
14210 : FF;
14211 : FF;
14212 : FF;
14213 : FF;
14214 : FF;
14215 : FF;
14216 : FF;
14217 : FF;
14218 : FF;
14219 : FF;
14220 : FF;
14221 : FF;
14222 : FF;
14223 : FF;
14224 : FF;
14225 : FF;
14226 : FF;
14227 : FF;
14228 : FF;
14229 : 73;
14230 : 73;
14231 : 73;
14232 : 73;
14233 : 73;
14234 : 73;
14235 : 73;
14236 : 73;
14237 : 73;
14238 : 73;
14239 : FF;
14240 : FF;
14241 : FF;
14242 : FF;
14243 : FF;
14244 : FF;
14245 : FF;
14246 : FF;
14247 : FF;
14248 : FF;
14249 : FF;
14250 : FF;
14251 : 73;
14252 : FF;
14253 : FF;
14254 : FF;
14255 : 73;
14256 : FF;
14257 : FF;
14258 : FF;
14259 : FF;
14260 : FF;
14261 : FF;
14262 : FF;
14263 : FF;
14264 : 73;
14265 : 73;
14266 : 73;
14267 : FF;
14268 : FF;
14269 : FF;
14270 : FF;
14271 : FF;
14272 : FF;
14273 : FF;
14274 : FF;
14275 : FF;
14276 : 73;
14277 : 73;
14278 : 73;
14279 : FF;
14280 : FF;
14281 : FF;
14282 : FF;
14283 : FF;
14284 : 73;
14285 : 73;
14286 : 73;
14287 : 73;
14288 : 73;
14289 : 73;
14290 : FF;
14291 : FF;
14292 : FF;
14293 : FF;
14294 : FF;
14295 : FF;
14296 : FF;
14297 : FF;
14298 : FF;
14299 : FF;
14300 : FF;
14301 : FF;
14302 : FF;
14303 : FF;
14304 : FF;
14305 : FF;
14306 : FF;
14307 : 73;
14308 : 73;
14309 : FF;
14310 : FF;
14311 : FF;
14312 : FF;
14313 : FF;
14314 : FF;
14315 : 73;
14316 : 73;
14317 : 73;
14318 : 73;
14319 : FF;
14320 : FF;
14321 : FF;
14322 : FF;
14323 : FF;
14324 : FF;
14325 : 73;
14326 : 73;
14327 : 73;
14328 : 73;
14329 : 73;
14330 : 73;
14331 : 73;
14332 : 73;
14333 : 73;
14334 : 73;
14335 : 73;
14336 : FF;
14337 : FF;
14338 : FF;
14339 : FF;
14340 : FF;
14341 : FF;
14342 : FF;
14343 : 73;
14344 : 73;
14345 : 73;
14346 : 73;
14347 : 73;
14348 : 73;
14349 : 73;
14350 : 73;
14351 : 73;
14352 : 73;
14353 : FF;
14354 : FF;
14355 : FF;
14356 : FF;
14357 : FF;
14358 : FF;
14359 : FF;
14360 : FF;
14361 : FF;
14362 : FF;
14363 : FF;
14364 : FF;
14365 : FF;
14366 : FF;
14367 : FF;
14368 : FF;
14369 : FF;
14370 : FF;
14371 : FF;
14372 : FF;
14373 : FF;
14374 : 73;
14375 : 73;
14376 : 73;
14377 : 73;
14378 : 73;
14379 : 73;
14380 : 73;
14381 : 73;
14382 : 73;
14383 : FF;
14384 : FF;
14385 : FF;
14386 : FF;
14387 : FF;
14388 : FF;
14389 : FF;
14390 : FF;
14391 : FF;
14392 : FF;
14393 : FF;
14394 : 73;
14395 : FF;
14396 : FF;
14397 : FF;
14398 : 73;
14399 : 73;
14400 : FF;
14401 : FF;
14402 : FF;
14403 : FF;
14404 : FF;
14405 : FF;
14406 : FF;
14407 : FF;
14408 : FF;
14409 : 73;
14410 : 73;
14411 : 73;
14412 : FF;
14413 : FF;
14414 : FF;
14415 : FF;
14416 : FF;
14417 : FF;
14418 : FF;
14419 : FF;
14420 : 73;
14421 : 73;
14422 : 73;
14423 : FF;
14424 : FF;
14425 : FF;
14426 : FF;
14427 : FF;
14428 : 73;
14429 : 73;
14430 : 73;
14431 : 73;
14432 : 73;
14433 : 73;
14434 : FF;
14435 : FF;
14436 : FF;
14437 : FF;
14438 : FF;
14439 : FF;
14440 : FF;
14441 : FF;
14442 : FF;
14443 : FF;
14444 : FF;
14445 : FF;
14446 : FF;
14447 : FF;
14448 : FF;
14449 : FF;
14450 : 73;
14451 : 73;
14452 : 73;
14453 : FF;
14454 : FF;
14455 : FF;
14456 : FF;
14457 : FF;
14458 : FF;
14459 : 73;
14460 : 73;
14461 : 73;
14462 : 73;
14463 : FF;
14464 : FF;
14465 : FF;
14466 : FF;
14467 : FF;
14468 : FF;
14469 : FF;
14470 : 73;
14471 : 73;
14472 : 73;
14473 : 73;
14474 : 73;
14475 : 73;
14476 : 73;
14477 : 73;
14478 : 73;
14479 : 73;
14480 : FF;
14481 : FF;
14482 : FF;
14483 : FF;
14484 : FF;
14485 : FF;
14486 : FF;
14487 : 73;
14488 : 73;
14489 : 73;
14490 : 73;
14491 : 73;
14492 : 73;
14493 : 73;
14494 : 73;
14495 : 73;
14496 : 73;
14497 : FF;
14498 : FF;
14499 : FF;
14500 : FF;
14501 : FF;
14502 : FF;
14503 : FF;
14504 : FF;
14505 : FF;
14506 : FF;
14507 : FF;
14508 : FF;
14509 : FF;
14510 : FF;
14511 : FF;
14512 : FF;
14513 : FF;
14514 : FF;
14515 : FF;
14516 : FF;
14517 : FF;
14518 : FF;
14519 : 73;
14520 : 73;
14521 : 73;
14522 : 73;
14523 : 73;
14524 : 73;
14525 : 73;
14526 : FF;
14527 : FF;
14528 : FF;
14529 : FF;
14530 : FF;
14531 : FF;
14532 : FF;
14533 : FF;
14534 : FF;
14535 : FF;
14536 : FF;
14537 : 73;
14538 : 73;
14539 : FF;
14540 : FF;
14541 : FF;
14542 : 73;
14543 : 73;
14544 : FF;
14545 : FF;
14546 : FF;
14547 : FF;
14548 : FF;
14549 : FF;
14550 : FF;
14551 : FF;
14552 : FF;
14553 : FF;
14554 : 73;
14555 : 73;
14556 : FF;
14557 : FF;
14558 : FF;
14559 : FF;
14560 : FF;
14561 : FF;
14562 : FF;
14563 : FF;
14564 : 73;
14565 : 73;
14566 : 73;
14567 : FF;
14568 : FF;
14569 : FF;
14570 : FF;
14571 : FF;
14572 : 73;
14573 : 73;
14574 : 73;
14575 : 73;
14576 : 73;
14577 : 73;
14578 : FF;
14579 : FF;
14580 : FF;
14581 : FF;
14582 : FF;
14583 : FF;
14584 : FF;
14585 : FF;
14586 : FF;
14587 : FF;
14588 : FF;
14589 : FF;
14590 : FF;
14591 : 73;
14592 : 73;
14593 : 73;
14594 : 73;
14595 : 73;
14596 : FF;
14597 : FF;
14598 : FF;
14599 : FF;
14600 : FF;
14601 : FF;
14602 : FF;
14603 : 73;
14604 : 73;
14605 : 73;
14606 : 73;
14607 : 73;
14608 : FF;
14609 : FF;
14610 : FF;
14611 : FF;
14612 : FF;
14613 : FF;
14614 : 73;
14615 : 73;
14616 : 73;
14617 : 73;
14618 : 73;
14619 : 73;
14620 : 73;
14621 : 73;
14622 : 73;
14623 : 73;
14624 : FF;
14625 : FF;
14626 : FF;
14627 : FF;
14628 : FF;
14629 : FF;
14630 : FF;
14631 : FF;
14632 : 73;
14633 : 73;
14634 : 73;
14635 : 73;
14636 : 73;
14637 : 73;
14638 : 73;
14639 : 73;
14640 : FF;
14641 : FF;
14642 : FF;
14643 : FF;
14644 : FF;
14645 : FF;
14646 : FF;
14647 : FF;
14648 : FF;
14649 : FF;
14650 : FF;
14651 : FF;
14652 : FF;
14653 : FF;
14654 : FF;
14655 : FF;
14656 : FF;
14657 : FF;
14658 : FF;
14659 : FF;
14660 : FF;
14661 : FF;
14662 : FF;
14663 : FF;
14664 : 73;
14665 : 73;
14666 : FF;
14667 : FF;
14668 : FF;
14669 : FF;
14670 : FF;
14671 : FF;
14672 : FF;
14673 : FF;
14674 : FF;
14675 : FF;
14676 : FF;
14677 : FF;
14678 : FF;
14679 : FF;
14680 : 73;
14681 : 73;
14682 : FF;
14683 : FF;
14684 : FF;
14685 : 73;
14686 : 73;
14687 : 73;
14688 : FF;
14689 : FF;
14690 : FF;
14691 : FF;
14692 : FF;
14693 : FF;
14694 : FF;
14695 : FF;
14696 : FF;
14697 : FF;
14698 : 73;
14699 : 73;
14700 : 73;
14701 : FF;
14702 : FF;
14703 : FF;
14704 : FF;
14705 : FF;
14706 : FF;
14707 : FF;
14708 : 73;
14709 : 73;
14710 : 73;
14711 : 73;
14712 : FF;
14713 : FF;
14714 : FF;
14715 : FF;
14716 : 73;
14717 : 73;
14718 : FF;
14719 : 73;
14720 : 73;
14721 : 73;
14722 : FF;
14723 : FF;
14724 : FF;
14725 : FF;
14726 : FF;
14727 : FF;
14728 : FF;
14729 : FF;
14730 : FF;
14731 : FF;
14732 : FF;
14733 : FF;
14734 : 73;
14735 : 73;
14736 : 73;
14737 : 73;
14738 : 73;
14739 : 73;
14740 : FF;
14741 : FF;
14742 : FF;
14743 : FF;
14744 : FF;
14745 : FF;
14746 : FF;
14747 : 73;
14748 : 73;
14749 : 73;
14750 : 73;
14751 : 73;
14752 : FF;
14753 : FF;
14754 : FF;
14755 : FF;
14756 : FF;
14757 : FF;
14758 : FF;
14759 : 73;
14760 : 73;
14761 : 73;
14762 : 73;
14763 : 73;
14764 : 73;
14765 : 73;
14766 : 73;
14767 : 73;
14768 : FF;
14769 : FF;
14770 : FF;
14771 : FF;
14772 : FF;
14773 : FF;
14774 : FF;
14775 : FF;
14776 : FF;
14777 : 73;
14778 : 73;
14779 : 73;
14780 : 73;
14781 : 73;
14782 : 73;
14783 : FF;
14784 : FF;
14785 : FF;
14786 : FF;
14787 : FF;
14788 : FF;
14789 : FF;
14790 : FF;
14791 : FF;
14792 : FF;
14793 : FF;
14794 : FF;
14795 : FF;
14796 : FF;
14797 : 73;
14798 : FF;
14799 : FF;
14800 : FF;
14801 : FF;
14802 : FF;
14803 : FF;
14804 : FF;
14805 : FF;
14806 : FF;
14807 : FF;
14808 : FF;
14809 : FF;
14810 : FF;
14811 : FF;
14812 : FF;
14813 : FF;
14814 : FF;
14815 : FF;
14816 : FF;
14817 : FF;
14818 : FF;
14819 : FF;
14820 : FF;
14821 : FF;
14822 : FF;
14823 : FF;
14824 : 73;
14825 : 73;
14826 : FF;
14827 : FF;
14828 : 73;
14829 : 73;
14830 : 73;
14831 : 73;
14832 : FF;
14833 : FF;
14834 : FF;
14835 : FF;
14836 : FF;
14837 : FF;
14838 : FF;
14839 : FF;
14840 : FF;
14841 : FF;
14842 : 73;
14843 : 73;
14844 : 73;
14845 : FF;
14846 : FF;
14847 : FF;
14848 : FF;
14849 : FF;
14850 : FF;
14851 : 73;
14852 : 73;
14853 : 73;
14854 : 73;
14855 : 73;
14856 : FF;
14857 : FF;
14858 : FF;
14859 : FF;
14860 : 73;
14861 : FF;
14862 : FF;
14863 : 73;
14864 : 73;
14865 : 73;
14866 : FF;
14867 : FF;
14868 : FF;
14869 : FF;
14870 : FF;
14871 : FF;
14872 : FF;
14873 : FF;
14874 : FF;
14875 : FF;
14876 : FF;
14877 : FF;
14878 : 73;
14879 : 73;
14880 : 73;
14881 : 73;
14882 : 73;
14883 : FF;
14884 : FF;
14885 : FF;
14886 : FF;
14887 : FF;
14888 : FF;
14889 : FF;
14890 : FF;
14891 : 73;
14892 : 73;
14893 : 73;
14894 : 73;
14895 : FF;
14896 : FF;
14897 : FF;
14898 : FF;
14899 : FF;
14900 : FF;
14901 : FF;
14902 : FF;
14903 : FF;
14904 : 73;
14905 : 73;
14906 : 73;
14907 : 73;
14908 : 73;
14909 : 73;
14910 : 73;
14911 : 73;
14912 : FF;
14913 : FF;
14914 : FF;
14915 : FF;
14916 : FF;
14917 : FF;
14918 : FF;
14919 : FF;
14920 : FF;
14921 : 73;
14922 : 73;
14923 : 73;
14924 : 73;
14925 : FF;
14926 : FF;
14927 : FF;
14928 : FF;
14929 : FF;
14930 : FF;
14931 : FF;
14932 : FF;
14933 : FF;
14934 : FF;
14935 : FF;
14936 : FF;
14937 : FF;
14938 : FF;
14939 : FF;
14940 : 73;
14941 : 73;
14942 : 73;
14943 : 73;
14944 : 73;
14945 : 73;
14946 : 73;
14947 : 73;
14948 : 73;
14949 : FF;
14950 : FF;
14951 : FF;
14952 : FF;
14953 : FF;
14954 : FF;
14955 : FF;
14956 : FF;
14957 : FF;
14958 : FF;
14959 : FF;
14960 : FF;
14961 : FF;
14962 : FF;
14963 : FF;
14964 : FF;
14965 : FF;
14966 : FF;
14967 : FF;
14968 : 73;
14969 : FF;
14970 : FF;
14971 : FF;
14972 : 73;
14973 : 73;
14974 : 73;
14975 : 73;
14976 : 73;
14977 : 73;
14978 : 73;
14979 : FF;
14980 : FF;
14981 : FF;
14982 : FF;
14983 : FF;
14984 : FF;
14985 : FF;
14986 : FF;
14987 : 73;
14988 : FF;
14989 : FF;
14990 : FF;
14991 : 73;
14992 : 73;
14993 : 73;
14994 : FF;
14995 : FF;
14996 : FF;
14997 : FF;
14998 : FF;
14999 : FF;
15000 : 73;
15001 : 73;
15002 : 73;
15003 : 73;
15004 : FF;
15005 : FF;
15006 : FF;
15007 : FF;
15008 : FF;
15009 : FF;
15010 : FF;
15011 : FF;
15012 : FF;
15013 : FF;
15014 : FF;
15015 : FF;
15016 : FF;
15017 : 73;
15018 : 73;
15019 : FF;
15020 : FF;
15021 : FF;
15022 : 73;
15023 : FF;
15024 : FF;
15025 : FF;
15026 : FF;
15027 : FF;
15028 : 73;
15029 : 73;
15030 : 73;
15031 : 73;
15032 : 73;
15033 : 73;
15034 : 73;
15035 : 73;
15036 : 73;
15037 : 73;
15038 : FF;
15039 : FF;
15040 : FF;
15041 : FF;
15042 : FF;
15043 : FF;
15044 : FF;
15045 : FF;
15046 : FF;
15047 : FF;
15048 : FF;
15049 : FF;
15050 : FF;
15051 : 73;
15052 : 73;
15053 : 73;
15054 : FF;
15055 : FF;
15056 : FF;
15057 : FF;
15058 : FF;
15059 : 73;
15060 : 73;
15061 : 73;
15062 : 73;
15063 : 73;
15064 : FF;
15065 : FF;
15066 : FF;
15067 : FF;
15068 : FF;
15069 : FF;
15070 : FF;
15071 : FF;
15072 : FF;
15073 : FF;
15074 : FF;
15075 : FF;
15076 : 73;
15077 : FF;
15078 : FF;
15079 : 73;
15080 : 73;
15081 : FF;
15082 : FF;
15083 : FF;
15084 : FF;
15085 : FF;
15086 : FF;
15087 : FF;
15088 : FF;
15089 : FF;
15090 : FF;
15091 : FF;
15092 : FF;
15093 : 73;
15094 : 73;
15095 : 73;
15096 : FF;
15097 : FF;
15098 : FF;
15099 : 73;
15100 : 73;
15101 : 73;
15102 : 73;
15103 : FF;
15104 : FF;
15105 : FF;
15106 : FF;
15107 : 73;
15108 : FF;
15109 : FF;
15110 : FF;
15111 : FF;
15112 : FF;
15113 : 73;
15114 : 73;
15115 : 73;
15116 : 73;
15117 : 73;
15118 : 73;
15119 : 73;
15120 : 73;
15121 : 73;
15122 : 73;
15123 : 73;
15124 : 73;
15125 : 73;
15126 : FF;
15127 : FF;
15128 : 73;
15129 : FF;
15130 : 73;
15131 : FF;
15132 : FF;
15133 : FF;
15134 : FF;
15135 : 73;
15136 : 73;
15137 : FF;
15138 : FF;
15139 : FF;
15140 : FF;
15141 : FF;
15142 : FF;
15143 : FF;
15144 : FF;
15145 : 73;
15146 : 73;
15147 : 73;
15148 : 73;
15149 : FF;
15150 : FF;
15151 : FF;
15152 : FF;
15153 : FF;
15154 : FF;
15155 : FF;
15156 : FF;
15157 : FF;
15158 : FF;
15159 : FF;
15160 : FF;
15161 : FF;
15162 : FF;
15163 : FF;
15164 : FF;
15165 : 73;
15166 : 73;
15167 : FF;
15168 : FF;
15169 : FF;
15170 : FF;
15171 : FF;
15172 : 73;
15173 : 73;
15174 : 73;
15175 : 73;
15176 : 73;
15177 : 73;
15178 : 73;
15179 : 73;
15180 : 73;
15181 : 73;
15182 : FF;
15183 : FF;
15184 : FF;
15185 : FF;
15186 : FF;
15187 : FF;
15188 : FF;
15189 : FF;
15190 : FF;
15191 : FF;
15192 : FF;
15193 : FF;
15194 : FF;
15195 : 73;
15196 : 73;
15197 : 73;
15198 : FF;
15199 : FF;
15200 : FF;
15201 : FF;
15202 : 73;
15203 : 73;
15204 : 73;
15205 : 73;
15206 : 73;
15207 : 73;
15208 : FF;
15209 : FF;
15210 : FF;
15211 : FF;
15212 : FF;
15213 : FF;
15214 : FF;
15215 : FF;
15216 : FF;
15217 : FF;
15218 : FF;
15219 : FF;
15220 : FF;
15221 : FF;
15222 : FF;
15223 : 73;
15224 : 73;
15225 : FF;
15226 : FF;
15227 : FF;
15228 : FF;
15229 : FF;
15230 : FF;
15231 : FF;
15232 : FF;
15233 : FF;
15234 : FF;
15235 : FF;
15236 : 73;
15237 : 73;
15238 : 73;
15239 : 73;
15240 : FF;
15241 : FF;
15242 : FF;
15243 : 73;
15244 : 73;
15245 : 73;
15246 : 73;
15247 : FF;
15248 : FF;
15249 : FF;
15250 : 73;
15251 : 73;
15252 : FF;
15253 : FF;
15254 : FF;
15255 : FF;
15256 : FF;
15257 : 73;
15258 : 73;
15259 : 73;
15260 : 73;
15261 : 73;
15262 : 73;
15263 : 73;
15264 : 73;
15265 : 73;
15266 : 73;
15267 : 73;
15268 : 73;
15269 : 73;
15270 : 73;
15271 : 73;
15272 : FF;
15273 : FF;
15274 : 73;
15275 : 73;
15276 : FF;
15277 : FF;
15278 : 73;
15279 : 73;
15280 : 73;
15281 : FF;
15282 : FF;
15283 : FF;
15284 : FF;
15285 : FF;
15286 : FF;
15287 : FF;
15288 : FF;
15289 : FF;
15290 : 73;
15291 : 73;
15292 : 73;
15293 : 73;
15294 : FF;
15295 : FF;
15296 : FF;
15297 : FF;
15298 : FF;
15299 : FF;
15300 : FF;
15301 : FF;
15302 : FF;
15303 : FF;
15304 : FF;
15305 : FF;
15306 : FF;
15307 : FF;
15308 : 73;
15309 : 73;
15310 : FF;
15311 : FF;
15312 : FF;
15313 : FF;
15314 : FF;
15315 : FF;
15316 : 73;
15317 : 73;
15318 : 73;
15319 : 73;
15320 : 73;
15321 : 73;
15322 : 73;
15323 : 73;
15324 : 73;
15325 : 73;
15326 : FF;
15327 : FF;
15328 : FF;
15329 : FF;
15330 : FF;
15331 : FF;
15332 : FF;
15333 : FF;
15334 : FF;
15335 : FF;
15336 : FF;
15337 : FF;
15338 : FF;
15339 : FF;
15340 : 73;
15341 : 73;
15342 : 73;
15343 : FF;
15344 : FF;
15345 : FF;
15346 : FF;
15347 : 73;
15348 : 73;
15349 : 73;
15350 : 73;
15351 : 73;
15352 : FF;
15353 : FF;
15354 : FF;
15355 : FF;
15356 : FF;
15357 : FF;
15358 : FF;
15359 : FF;
15360 : FF;
15361 : FF;
15362 : FF;
15363 : FF;
15364 : FF;
15365 : FF;
15366 : FF;
15367 : 73;
15368 : 73;
15369 : FF;
15370 : FF;
15371 : FF;
15372 : FF;
15373 : FF;
15374 : FF;
15375 : FF;
15376 : FF;
15377 : FF;
15378 : FF;
15379 : FF;
15380 : 73;
15381 : 73;
15382 : 73;
15383 : 73;
15384 : FF;
15385 : FF;
15386 : FF;
15387 : 73;
15388 : 73;
15389 : 73;
15390 : 73;
15391 : FF;
15392 : FF;
15393 : FF;
15394 : 73;
15395 : 73;
15396 : FF;
15397 : FF;
15398 : FF;
15399 : FF;
15400 : FF;
15401 : FF;
15402 : 73;
15403 : 73;
15404 : 73;
15405 : 73;
15406 : 73;
15407 : 73;
15408 : 73;
15409 : 73;
15410 : 73;
15411 : 73;
15412 : 73;
15413 : 73;
15414 : 73;
15415 : 73;
15416 : FF;
15417 : 73;
15418 : 73;
15419 : FF;
15420 : FF;
15421 : FF;
15422 : 73;
15423 : 73;
15424 : FF;
15425 : FF;
15426 : FF;
15427 : FF;
15428 : FF;
15429 : FF;
15430 : FF;
15431 : FF;
15432 : FF;
15433 : FF;
15434 : FF;
15435 : 73;
15436 : 73;
15437 : 73;
15438 : 73;
15439 : FF;
15440 : FF;
15441 : FF;
15442 : FF;
15443 : FF;
15444 : FF;
15445 : FF;
15446 : FF;
15447 : FF;
15448 : FF;
15449 : FF;
15450 : FF;
15451 : FF;
15452 : 73;
15453 : FF;
15454 : FF;
15455 : FF;
15456 : FF;
15457 : FF;
15458 : FF;
15459 : FF;
15460 : FF;
15461 : 73;
15462 : 73;
15463 : 73;
15464 : 73;
15465 : 73;
15466 : 73;
15467 : 73;
15468 : 73;
15469 : 73;
15470 : FF;
15471 : FF;
15472 : FF;
15473 : FF;
15474 : FF;
15475 : FF;
15476 : FF;
15477 : FF;
15478 : FF;
15479 : FF;
15480 : FF;
15481 : FF;
15482 : FF;
15483 : FF;
15484 : FF;
15485 : 73;
15486 : 73;
15487 : FF;
15488 : FF;
15489 : FF;
15490 : FF;
15491 : 73;
15492 : 73;
15493 : 73;
15494 : 73;
15495 : 73;
15496 : FF;
15497 : FF;
15498 : FF;
15499 : FF;
15500 : FF;
15501 : FF;
15502 : FF;
15503 : FF;
15504 : FF;
15505 : FF;
15506 : FF;
15507 : FF;
15508 : FF;
15509 : FF;
15510 : FF;
15511 : 73;
15512 : 73;
15513 : FF;
15514 : FF;
15515 : FF;
15516 : FF;
15517 : FF;
15518 : FF;
15519 : FF;
15520 : FF;
15521 : FF;
15522 : FF;
15523 : 73;
15524 : 73;
15525 : 73;
15526 : 73;
15527 : 73;
15528 : FF;
15529 : FF;
15530 : FF;
15531 : 73;
15532 : 73;
15533 : 73;
15534 : 73;
15535 : FF;
15536 : FF;
15537 : 73;
15538 : 73;
15539 : 73;
15540 : FF;
15541 : FF;
15542 : FF;
15543 : FF;
15544 : FF;
15545 : FF;
15546 : FF;
15547 : 73;
15548 : 73;
15549 : 73;
15550 : 73;
15551 : 73;
15552 : 73;
15553 : 73;
15554 : FF;
15555 : FF;
15556 : 73;
15557 : 73;
15558 : 73;
15559 : 73;
15560 : 73;
15561 : 73;
15562 : 73;
15563 : FF;
15564 : FF;
15565 : 73;
15566 : 73;
15567 : FF;
15568 : FF;
15569 : FF;
15570 : FF;
15571 : FF;
15572 : FF;
15573 : FF;
15574 : FF;
15575 : FF;
15576 : FF;
15577 : FF;
15578 : FF;
15579 : FF;
15580 : 73;
15581 : 73;
15582 : 73;
15583 : FF;
15584 : FF;
15585 : FF;
15586 : FF;
15587 : FF;
15588 : FF;
15589 : FF;
15590 : FF;
15591 : FF;
15592 : FF;
15593 : FF;
15594 : FF;
15595 : 73;
15596 : 73;
15597 : 73;
15598 : FF;
15599 : FF;
15600 : FF;
15601 : FF;
15602 : FF;
15603 : FF;
15604 : FF;
15605 : 73;
15606 : 73;
15607 : 73;
15608 : 73;
15609 : 73;
15610 : 73;
15611 : 73;
15612 : 73;
15613 : 73;
15614 : FF;
15615 : FF;
15616 : FF;
15617 : FF;
15618 : FF;
15619 : FF;
15620 : FF;
15621 : FF;
15622 : FF;
15623 : FF;
15624 : FF;
15625 : FF;
15626 : FF;
15627 : FF;
15628 : FF;
15629 : 73;
15630 : 73;
15631 : 73;
15632 : FF;
15633 : FF;
15634 : FF;
15635 : 73;
15636 : 73;
15637 : 73;
15638 : 73;
15639 : 73;
15640 : 73;
15641 : FF;
15642 : FF;
15643 : FF;
15644 : FF;
15645 : FF;
15646 : FF;
15647 : FF;
15648 : FF;
15649 : FF;
15650 : FF;
15651 : FF;
15652 : FF;
15653 : FF;
15654 : FF;
15655 : 73;
15656 : 73;
15657 : FF;
15658 : FF;
15659 : FF;
15660 : FF;
15661 : FF;
15662 : FF;
15663 : FF;
15664 : FF;
15665 : FF;
15666 : FF;
15667 : 73;
15668 : 73;
15669 : 73;
15670 : 73;
15671 : FF;
15672 : FF;
15673 : FF;
15674 : FF;
15675 : FF;
15676 : 73;
15677 : 73;
15678 : 73;
15679 : 73;
15680 : 73;
15681 : 73;
15682 : 73;
15683 : 73;
15684 : FF;
15685 : FF;
15686 : FF;
15687 : FF;
15688 : FF;
15689 : FF;
15690 : FF;
15691 : FF;
15692 : 73;
15693 : 73;
15694 : 73;
15695 : 73;
15696 : 73;
15697 : FF;
15698 : FF;
15699 : 73;
15700 : 73;
15701 : 73;
15702 : 73;
15703 : 73;
15704 : 73;
15705 : FF;
15706 : FF;
15707 : FF;
15708 : 73;
15709 : 73;
15710 : 73;
15711 : FF;
15712 : FF;
15713 : FF;
15714 : FF;
15715 : FF;
15716 : FF;
15717 : FF;
15718 : FF;
15719 : FF;
15720 : FF;
15721 : FF;
15722 : FF;
15723 : FF;
15724 : FF;
15725 : 73;
15726 : 73;
15727 : 73;
15728 : FF;
15729 : FF;
15730 : FF;
15731 : FF;
15732 : FF;
15733 : FF;
15734 : FF;
15735 : FF;
15736 : FF;
15737 : FF;
15738 : 73;
15739 : 73;
15740 : 73;
15741 : 73;
15742 : 73;
15743 : FF;
15744 : FF;
15745 : FF;
15746 : FF;
15747 : FF;
15748 : FF;
15749 : 73;
15750 : 73;
15751 : 73;
15752 : FF;
15753 : 73;
15754 : 73;
15755 : 73;
15756 : 73;
15757 : 73;
15758 : FF;
15759 : FF;
15760 : FF;
15761 : FF;
15762 : FF;
15763 : FF;
15764 : FF;
15765 : FF;
15766 : FF;
15767 : 73;
15768 : FF;
15769 : FF;
15770 : FF;
15771 : FF;
15772 : FF;
15773 : FF;
15774 : 73;
15775 : 73;
15776 : FF;
15777 : FF;
15778 : 73;
15779 : 73;
15780 : 73;
15781 : 73;
15782 : 73;
15783 : 73;
15784 : 73;
15785 : FF;
15786 : FF;
15787 : FF;
15788 : FF;
15789 : FF;
15790 : FF;
15791 : FF;
15792 : FF;
15793 : FF;
15794 : FF;
15795 : FF;
15796 : FF;
15797 : FF;
15798 : FF;
15799 : 73;
15800 : 73;
15801 : FF;
15802 : FF;
15803 : FF;
15804 : FF;
15805 : FF;
15806 : FF;
15807 : FF;
15808 : FF;
15809 : FF;
15810 : FF;
15811 : 73;
15812 : 73;
15813 : 73;
15814 : 73;
15815 : FF;
15816 : FF;
15817 : FF;
15818 : FF;
15819 : FF;
15820 : 73;
15821 : 73;
15822 : 73;
15823 : FF;
15824 : 73;
15825 : 73;
15826 : 73;
15827 : 73;
15828 : FF;
15829 : FF;
15830 : FF;
15831 : FF;
15832 : FF;
15833 : FF;
15834 : FF;
15835 : FF;
15836 : 73;
15837 : 73;
15838 : 73;
15839 : 73;
15840 : 73;
15841 : FF;
15842 : FF;
15843 : 73;
15844 : 73;
15845 : 73;
15846 : 73;
15847 : FF;
15848 : FF;
15849 : FF;
15850 : FF;
15851 : FF;
15852 : 73;
15853 : 73;
15854 : FF;
15855 : FF;
15856 : FF;
15857 : FF;
15858 : FF;
15859 : FF;
15860 : FF;
15861 : FF;
15862 : FF;
15863 : FF;
15864 : FF;
15865 : FF;
15866 : FF;
15867 : FF;
15868 : FF;
15869 : FF;
15870 : 73;
15871 : 73;
15872 : 73;
15873 : FF;
15874 : FF;
15875 : FF;
15876 : FF;
15877 : FF;
15878 : FF;
15879 : FF;
15880 : FF;
15881 : 73;
15882 : 73;
15883 : 73;
15884 : 73;
15885 : 73;
15886 : 73;
15887 : FF;
15888 : FF;
15889 : FF;
15890 : FF;
15891 : FF;
15892 : FF;
15893 : 73;
15894 : 73;
15895 : 73;
15896 : FF;
15897 : 73;
15898 : 73;
15899 : 73;
15900 : 73;
15901 : 73;
15902 : FF;
15903 : FF;
15904 : FF;
15905 : FF;
15906 : FF;
15907 : FF;
15908 : FF;
15909 : FF;
15910 : 73;
15911 : FF;
15912 : FF;
15913 : FF;
15914 : FF;
15915 : FF;
15916 : FF;
15917 : FF;
15918 : FF;
15919 : 73;
15920 : FF;
15921 : FF;
15922 : 73;
15923 : 73;
15924 : 73;
15925 : 73;
15926 : 73;
15927 : 73;
15928 : 73;
15929 : FF;
15930 : FF;
15931 : FF;
15932 : FF;
15933 : FF;
15934 : FF;
15935 : FF;
15936 : FF;
15937 : FF;
15938 : FF;
15939 : FF;
15940 : FF;
15941 : FF;
15942 : 73;
15943 : 73;
15944 : 73;
15945 : FF;
15946 : FF;
15947 : FF;
15948 : FF;
15949 : FF;
15950 : FF;
15951 : FF;
15952 : FF;
15953 : FF;
15954 : FF;
15955 : 73;
15956 : 73;
15957 : 73;
15958 : FF;
15959 : FF;
15960 : FF;
15961 : FF;
15962 : FF;
15963 : FF;
15964 : FF;
15965 : 73;
15966 : FF;
15967 : FF;
15968 : 73;
15969 : 73;
15970 : 73;
15971 : FF;
15972 : FF;
15973 : FF;
15974 : FF;
15975 : FF;
15976 : FF;
15977 : FF;
15978 : FF;
15979 : FF;
15980 : FF;
15981 : 73;
15982 : 73;
15983 : 73;
15984 : FF;
15985 : FF;
15986 : FF;
15987 : FF;
15988 : 73;
15989 : 73;
15990 : FF;
15991 : FF;
15992 : FF;
15993 : FF;
15994 : FF;
15995 : 73;
15996 : 73;
15997 : FF;
15998 : FF;
15999 : FF;
16000 : FF;
16001 : FF;
16002 : FF;
16003 : FF;
16004 : FF;
16005 : FF;
16006 : FF;
16007 : FF;
16008 : FF;
16009 : FF;
16010 : FF;
16011 : FF;
16012 : FF;
16013 : FF;
16014 : 73;
16015 : 73;
16016 : 73;
16017 : 73;
16018 : FF;
16019 : FF;
16020 : FF;
16021 : FF;
16022 : FF;
16023 : FF;
16024 : 73;
16025 : 73;
16026 : 73;
16027 : 73;
16028 : 73;
16029 : 73;
16030 : 73;
16031 : FF;
16032 : FF;
16033 : FF;
16034 : FF;
16035 : FF;
16036 : FF;
16037 : 73;
16038 : 73;
16039 : FF;
16040 : FF;
16041 : 73;
16042 : 73;
16043 : 73;
16044 : 73;
16045 : 73;
16046 : FF;
16047 : FF;
16048 : FF;
16049 : FF;
16050 : FF;
16051 : FF;
16052 : FF;
16053 : 73;
16054 : 73;
16055 : FF;
16056 : FF;
16057 : FF;
16058 : FF;
16059 : FF;
16060 : FF;
16061 : FF;
16062 : FF;
16063 : 73;
16064 : FF;
16065 : FF;
16066 : 73;
16067 : 73;
16068 : 73;
16069 : 73;
16070 : 73;
16071 : 73;
16072 : 73;
16073 : FF;
16074 : FF;
16075 : FF;
16076 : FF;
16077 : FF;
16078 : FF;
16079 : FF;
16080 : FF;
16081 : FF;
16082 : FF;
16083 : FF;
16084 : FF;
16085 : FF;
16086 : 73;
16087 : 73;
16088 : 73;
16089 : FF;
16090 : FF;
16091 : FF;
16092 : FF;
16093 : FF;
16094 : FF;
16095 : FF;
16096 : FF;
16097 : FF;
16098 : FF;
16099 : 73;
16100 : 73;
16101 : FF;
16102 : FF;
16103 : FF;
16104 : FF;
16105 : FF;
16106 : FF;
16107 : FF;
16108 : FF;
16109 : 73;
16110 : FF;
16111 : FF;
16112 : 73;
16113 : 73;
16114 : FF;
16115 : FF;
16116 : FF;
16117 : FF;
16118 : FF;
16119 : FF;
16120 : FF;
16121 : FF;
16122 : FF;
16123 : FF;
16124 : FF;
16125 : FF;
16126 : 73;
16127 : 73;
16128 : 73;
16129 : 73;
16130 : 73;
16131 : FF;
16132 : FF;
16133 : FF;
16134 : FF;
16135 : FF;
16136 : FF;
16137 : FF;
16138 : 73;
16139 : 73;
16140 : FF;
16141 : FF;
16142 : FF;
16143 : FF;
16144 : FF;
16145 : FF;
16146 : FF;
16147 : FF;
16148 : 73;
16149 : 73;
16150 : 73;
16151 : 73;
16152 : 73;
16153 : 73;
16154 : 73;
16155 : 73;
16156 : FF;
16157 : FF;
16158 : FF;
16159 : FF;
16160 : FF;
16161 : FF;
16162 : 73;
16163 : FF;
16164 : FF;
16165 : FF;
16166 : FF;
16167 : FF;
16168 : FF;
16169 : FF;
16170 : FF;
16171 : FF;
16172 : FF;
16173 : FF;
16174 : 73;
16175 : 73;
16176 : FF;
16177 : FF;
16178 : FF;
16179 : FF;
16180 : FF;
16181 : 73;
16182 : 73;
16183 : FF;
16184 : FF;
16185 : FF;
16186 : FF;
16187 : 73;
16188 : 73;
16189 : 73;
16190 : FF;
16191 : FF;
16192 : FF;
16193 : FF;
16194 : 73;
16195 : 73;
16196 : FF;
16197 : FF;
16198 : FF;
16199 : FF;
16200 : 73;
16201 : 73;
16202 : 73;
16203 : FF;
16204 : FF;
16205 : FF;
16206 : FF;
16207 : FF;
16208 : 73;
16209 : 73;
16210 : 73;
16211 : 73;
16212 : 73;
16213 : 73;
16214 : FF;
16215 : FF;
16216 : FF;
16217 : FF;
16218 : FF;
16219 : FF;
16220 : FF;
16221 : FF;
16222 : FF;
16223 : FF;
16224 : FF;
16225 : 73;
16226 : 73;
16227 : 73;
16228 : 73;
16229 : 73;
16230 : FF;
16231 : FF;
16232 : FF;
16233 : FF;
16234 : FF;
16235 : FF;
16236 : FF;
16237 : 73;
16238 : FF;
16239 : FF;
16240 : FF;
16241 : FF;
16242 : FF;
16243 : FF;
16244 : FF;
16245 : FF;
16246 : FF;
16247 : FF;
16248 : 73;
16249 : 73;
16250 : FF;
16251 : FF;
16252 : FF;
16253 : FF;
16254 : FF;
16255 : FF;
16256 : FF;
16257 : FF;
16258 : 73;
16259 : 73;
16260 : 73;
16261 : 73;
16262 : 73;
16263 : 73;
16264 : FF;
16265 : FF;
16266 : FF;
16267 : FF;
16268 : FF;
16269 : FF;
16270 : 73;
16271 : 73;
16272 : 73;
16273 : 73;
16274 : 73;
16275 : 73;
16276 : FF;
16277 : FF;
16278 : FF;
16279 : FF;
16280 : FF;
16281 : FF;
16282 : FF;
16283 : FF;
16284 : FF;
16285 : FF;
16286 : FF;
16287 : FF;
16288 : FF;
16289 : FF;
16290 : FF;
16291 : 73;
16292 : 73;
16293 : 73;
16294 : 73;
16295 : 73;
16296 : 73;
16297 : 73;
16298 : 73;
16299 : 73;
16300 : 73;
16301 : FF;
16302 : FF;
16303 : FF;
16304 : FF;
16305 : 73;
16306 : 73;
16307 : FF;
16308 : FF;
16309 : FF;
16310 : FF;
16311 : FF;
16312 : FF;
16313 : FF;
16314 : FF;
16315 : FF;
16316 : FF;
16317 : FF;
16318 : 73;
16319 : FF;
16320 : FF;
16321 : FF;
16322 : FF;
16323 : FF;
16324 : 73;
16325 : 73;
16326 : 73;
16327 : FF;
16328 : FF;
16329 : FF;
16330 : FF;
16331 : 73;
16332 : 73;
16333 : FF;
16334 : FF;
16335 : FF;
16336 : FF;
16337 : 73;
16338 : 73;
16339 : FF;
16340 : FF;
16341 : FF;
16342 : FF;
16343 : FF;
16344 : 73;
16345 : 73;
16346 : 73;
16347 : FF;
16348 : FF;
16349 : FF;
16350 : FF;
16351 : 73;
16352 : 73;
16353 : 73;
16354 : 73;
16355 : 73;
16356 : 73;
16357 : 73;
16358 : FF;
16359 : FF;
16360 : FF;
16361 : FF;
16362 : FF;
16363 : FF;
16364 : FF;
16365 : FF;
16366 : FF;
16367 : FF;
16368 : FF;
16369 : 73;
16370 : FF;
16371 : FF;
16372 : FF;
16373 : FF;
16374 : FF;
16375 : FF;
16376 : FF;
16377 : FF;
16378 : FF;
16379 : FF;
16380 : 73;
16381 : 73;
16382 : FF;
16383 : FF;
END;
